1.0E-4, -4.0, 1.9081445772975505E-5, -4.71938872253352
1.099E-4, -3.9590023075765095, 1.0234602486224138E-5, -4.989929020748612
1.198E-4, -3.9215431819467073, 1.2619596986255542E-5, -4.89895451430267
1.297E-4, -3.88706002391592, 1.0793049219464092E-5, -4.9668558424248825
1.396E-4, -3.855114581712858, 2.1067430523391903E-5, -4.676388429629685
1.495E-4, -3.8253588073395517, 2.3835356137631973E-5, -4.622778354647245
1.594E-4, -3.7975116829399065, 2.660984458670488E-5, -4.574957661913609
1.693E-4, -3.7713430418910647, 1.665542881404019E-5, -4.778444181395259
1.792E-4, -3.7466619946738935, 2.9438874922282733E-5, -4.531078791630089
1.891E-4, -3.72330847115496, 3.681806410354565E-5, -4.43393905046673
1.9899999999999999E-4, -3.701146923590293, 3.317256621606273E-5, -4.479220930338645
2.0889999999999998E-4, -3.6800615600196913, 3.43600809342871E-5, -4.463945821870106
2.1879999999999998E-4, -3.659952682338607, 3.6911171992078084E-5, -4.432842165001807
2.2869999999999998E-4, -3.6407338353932515, 3.9234408841632774E-5, -4.406332886670171
2.3859999999999997E-4, -3.622329560665677, 3.83788395871447E-5, -4.415908160619789
2.4849999999999997E-4, -3.6046736069306493, 2.9329404482522525E-5, -4.532696755041268
2.584E-4, -3.5877074906769537, 3.896681006971243E-5, -4.409305145293403
2.683E-4, -3.571379327328061, 3.4912828928500365E-5, -4.457014959600005
2.7820000000000004E-4, -3.5556428743439725, 4.225695072421689E-5, -4.3741018449889975
2.8810000000000006E-4, -3.540456741719587, 3.9920323315126154E-5, -4.398805950014761
2.980000000000001E-4, -3.5257837359237447, 4.732322721782046E-5, -4.32492564622711
3.079000000000001E-4, -3.5115903110968016, 6.224223447981068E-5, -4.205914824681083
3.1780000000000014E-4, -3.497846107128639, 5.880379956544231E-5, -4.230594611389965
3.2770000000000016E-4, -3.484523558617624, 4.5158261347547374E-5, -4.345262787333914
3.376000000000002E-4, -3.4715975620463824, 5.390323837948934E-5, -4.268385142640817
3.475000000000002E-4, -3.459045191073867, 5.440868435128138E-5, -4.264331775580712
3.5740000000000023E-4, -3.446845451830374, 5.671995656396864E-5, -4.246264110406724
3.6730000000000025E-4, -3.434979071654706, 5.8825512460175234E-5, -4.230434280766358
3.772000000000003E-4, -3.423428315934709, 7.139650025028218E-5, -4.146323076168392
3.871000000000003E-4, -3.4121768286810448, 6.435649675387517E-5, -4.191407604751221
3.970000000000003E-4, -3.4012094932368844, 5.928289148026889E-5, -4.227070622112052
4.0690000000000035E-4, -3.3905123101467143, 6.158073622699342E-5, -4.2105551232046725
4.168000000000004E-4, -3.3800722897085316, 6.344957711466738E-5, -4.197571268090607
4.267000000000004E-4, -3.3698773571406875, 7.09206408738569E-5, -4.149227348554452
4.366000000000004E-4, -3.359916268626879, 7.575439432395938E-5, -4.120592169752462
4.4650000000000044E-4, -3.3501785367754344, 6.970678709113418E-5, -4.156724934201491
4.5640000000000047E-4, -3.3406543642538225, 8.176523748707345E-5, -4.08743129750678
4.663000000000005E-4, -3.3313345845455076, 9.656159122676973E-5, -4.015195586165558
4.762000000000005E-4, -3.3222106089311385, 7.59707964122966E-5, -4.119353320803128
4.8610000000000054E-4, -3.3132743789254575, 9.380451409925158E-5, -4.027776261821104
4.960000000000006E-4, -3.304518323509802, 8.926147068520054E-5, -4.049335961936388
5.059000000000005E-4, -3.295935320591432, 9.387129702946558E-5, -4.027467181400702
5.158000000000005E-4, -3.2875186621980808, 9.803966385183195E-5, -4.008598186481004
5.257000000000005E-4, -3.2792620229815745, 1.0107194717076057E-4, -3.9953693674507873
5.356000000000004E-4, -3.271159431660028, 8.944680156334406E-5, -4.048435184310976
5.455000000000004E-4, -3.263205245075639, 9.859237345311637E-5, -4.0061566783177085
5.554000000000004E-4, -3.2553941245857607, 1.0506613480794024E-4, -3.978537244352919
5.653000000000004E-4, -3.247721014539881, 9.596159741858308E-5, -4.017902531188767
5.752000000000003E-4, -3.2401811226251738, 1.0605110614332326E-4, -3.974484797308323
5.851000000000003E-4, -3.2327699018892817, 1.001506149388995E-4, -3.999346379732853
5.950000000000003E-4, -3.2254830342714502, 1.1254523229357229E-4, -3.9486728981085966
6.049000000000002E-4, -3.218316415492649, 1.0844262896310508E-4, -3.9647999624090553
6.148000000000002E-4, -3.2112661411722923, 1.2182615099879036E-4, -3.914259476765367
6.247000000000002E-4, -3.204328494053978, 1.1815522761747756E-4, -3.9275470588373715
6.346000000000001E-4, -3.1974999322356066, 1.2045654958970965E-4, -3.919169581109079
6.445000000000001E-4, -3.190777078310578, 1.1613980349571362E-4, -3.935018913112402
6.544000000000001E-4, -3.1841567093367336, 1.2747413782701326E-4, -3.894577916706924
6.643E-4, -3.1776357475584507, 1.3393266117448004E-4, -3.8731135018665173
6.742E-4, -3.171211251815047, 1.325666280563389E-4, -3.8775657902229055
6.841E-4, -3.1648804095754506, 1.362692968380353E-4, -3.8656019850742576
6.94E-4, -3.158640529545145, 1.3124745596484452E-4, -3.881909105987817
7.038999999999999E-4, -3.152489034796752, 1.3083121286692172E-4, -3.883288632473992
7.137999999999999E-4, -3.1464234563803584, 1.3498866818776716E-4, -3.869702687431523
7.236999999999999E-4, -3.1404414273739465, 1.437481355455878E-4, -3.8423977795253865
7.335999999999998E-4, -3.1345406773380353, 1.4240881893822578E-4, -3.8464631153507445
7.434999999999998E-4, -3.128719027142027, 1.452086313053455E-4, -3.83800756809272
7.533999999999998E-4, -3.1229743841327515, 1.5215456240776665E-4, -3.8177150206386434
7.632999999999997E-4, -3.117304737618403, 1.4783424293684375E-4, -3.830224958390226
7.731999999999997E-4, -3.111708154643485, 1.3978125115949195E-4, -3.854551076544756
7.830999999999997E-4, -3.1061827760325373, 1.4304050918716434E-4, -3.844540952569535
7.929999999999997E-4, -3.1007268126823964, 1.4995607378898336E-4, -3.8240359389766896
8.028999999999996E-4, -3.095338542084476, 1.6057315606637216E-4, -3.794327056483705
8.127999999999996E-4, -3.090016305060156, 1.583390334782502E-4, -3.8004120103773835
8.226999999999996E-4, -3.084758502693806, 1.5302112256610346E-4, -3.815248616367118
8.325999999999995E-4, -3.0795635934492416, 1.5744131010703643E-4, -3.802881305028782
8.424999999999995E-4, -3.074430090456624, 1.6507816878851095E-4, -3.7823103573949117
8.523999999999995E-4, -3.069356558957836, 1.75968832272705E-4, -3.754564247928222
8.622999999999994E-4, -3.064341613899366, 1.6693644935103296E-4, -3.777448827947826
8.721999999999994E-4, -3.0593839176625925, 1.663373390715602E-4, -3.7790102502842866
8.820999999999994E-4, -3.0544821779221607, 1.635518904135214E-4, -3.7863444317198853
8.919999999999993E-4, -3.0496351456238773, 1.6867108077586883E-4, -3.7729593722779784
9.018999999999993E-4, -3.044841613074207, 1.7654950929003492E-4, -3.7531334851976057
9.117999999999993E-4, -3.040100412134057, 1.8721766143856358E-4, -3.7276531838911473
9.216999999999993E-4, -3.035410412510097, 1.7751614487160575E-4, -3.7507621422720403
9.315999999999992E-4, -3.030770520137357, 1.9370572897853172E-4, -3.712857534536595
9.414999999999992E-4, -3.0261796756473167, 1.9310074182097518E-4, -3.7142160578201016
9.513999999999992E-4, -3.0216368529161173, 1.9143816561834078E-4, -3.717971475832402
9.612999999999991E-4, -3.017141057687925, 1.9567891548086626E-4, -3.708455967308917
9.711999999999991E-4, -3.012691326268818, 1.9931585259433268E-4, -3.7004581582967626
9.81099999999999E-4, -3.008286724286911, 1.8527752881029508E-4, -3.732177250435439
9.90999999999999E-4, -3.003926345514725, 1.9661222345541336E-4, -3.706389485414289
0.001000899999999999, -2.9996093107500905, 2.1030785549392436E-4, -3.677144505088536
0.001010799999999999, -2.9953347667521233, 2.0311517081076435E-4, -3.6922576376324097
0.001020699999999999, -2.9911018852290607, 1.9825683470231435E-4, -3.7027718318926492
0.001030599999999999, -2.9869098618749446, 1.9724135309913954E-4, -3.7050020268188857
0.0010404999999999989, -2.9827579154523547, 1.9675556348660428E-4, -3.7060729786264743
0.0010503999999999989, -2.9786452869185776, 1.9963211587220733E-4, -3.699769590182429
0.0010602999999999988, -2.9745712385927594, 2.034867696009632E-4, -3.6914638226848813
0.0010701999999999988, -2.9705350533617647, 2.1025944093415824E-4, -3.6772444946807923
0.0010800999999999988, -2.9665360339225955, 2.1849000221932957E-4, -3.660568430914686
0.0010899999999999987, -2.962573502059377, 2.292149610152078E-4, -3.6397570390855547
0.0010998999999999987, -2.958646797953026, 2.1858634236408516E-4, -3.6603769769755785
0.0011097999999999987, -2.9547552795218537, 2.3298764274565868E-4, -3.6326671125777974
0.0011196999999999986, -2.9508983217914433, 2.260394970114059E-4, -3.645815667775723
0.0011295999999999986, -2.947075316292272, 2.2096214491380256E-4, -3.655682122981106
0.0011394999999999986, -2.9432856704836063, 2.1773673341113418E-4, -3.6620682968569715
0.0011493999999999986, -2.9395288072023216, 2.3824587497130894E-4, -3.6229746100714078
0.0011592999999999985, -2.935804164135358, 2.3844299167783095E-4, -3.622615437836425
0.0011691999999999985, -2.9321111933146016, 2.4048258582984813E-4, -3.6189163669068822
0.0011790999999999985, -2.9284493606330684, 2.4246751565553502E-4, -3.615346437336128
0.0011889999999999984, -2.924818145381309, 2.479646659030686E-4, -3.605610200208467
0.0011988999999999984, -2.9212170398030373, 2.2981493576560894E-4, -3.638621749756517
0.0012087999999999984, -2.917645548669032, 2.3871427373513054E-4, -3.6221216119146225
0.0012186999999999983, -2.9141031888684124, 2.466749397247652E-4, -3.6078749692458643
0.0012285999999999983, -2.910589489016456, 2.3593088782426333E-4, -3.627215198014375
0.0012384999999999983, -2.907103989078145, 2.468573526136491E-4, -3.6075539328480133
0.0012483999999999983, -2.9036462400067053, 2.592008755014609E-4, -3.5863635358847343
0.0012582999999999982, -2.900215803396423, 2.4975685564039335E-4, -3.6024825818770387
0.0012681999999999982, -2.8968122511490577, 2.6485969876027435E-4, -3.576984119232266
0.0012780999999999982, -2.8934351651532366, 2.581656354951095E-4, -3.588101567290719
0.0012879999999999981, -2.890084136976207, 2.5287771325343904E-4, -3.5970894444300368
0.001297899999999998, -2.8867587675674016, 2.721117209801063E-4, -3.565252750953246
0.001307799999999998, -2.8834586669732554, 2.6955450026141224E-4, -3.569353413149448
0.001317699999999998, -2.880183454062785, 2.683837823258815E-4, -3.571243730899381
0.001327599999999998, -2.876932756263434, 2.685941538604902E-4, -3.570903444287409
0.001337499999999998, -2.8737062093067345, 2.7018261550408736E-4, -3.5683425984432877
0.001347399999999998, -2.870503456983341, 2.673887878587345E-4, -3.5728568075197025
0.001357299999999998, -2.8673241509070384, 2.7149936024222534E-4, -3.5662311894401384
0.0013671999999999979, -2.86416795028732, 2.769893701655097E-4, -3.557536897242567
0.0013770999999999979, -2.861034521710174, 2.774084156165983E-4, -3.556880368062979
0.0013869999999999978, -2.8579235389267157, 2.8542970488895577E-4, -3.544500831508532
0.0013968999999999978, -2.854834682649346, 2.7168535770388466E-4, -3.5659337669548035
0.0014067999999999978, -2.851767640355096, 2.7531930680200096E-4, -3.560163332582073
0.0014166999999999977, -2.848722106095878, 2.8721866752052047E-4, -3.541787336930827
0.0014265999999999977, -2.8456977803153363, 2.9292640443343487E-4, -3.533241479179136
0.0014364999999999977, -2.8426943696720346, 2.99558630523935E-4, -3.5235181635217008
0.0014463999999999976, -2.8397115868687126, 2.9198167255764686E-4, -3.534644407992958
0.0014562999999999976, -2.83674915048737, 3.006788005700433E-4, -3.521897190855271
0.0014661999999999976, -2.833806784829933, 2.87151956085207E-4, -3.5418882209495286
0.0014760999999999976, -2.830884219764286, 3.0639847681343383E-4, -3.513713398024959
0.0014859999999999975, -2.827981190575444, 2.949170027309323E-4, -3.5303001885219283
0.0014958999999999975, -2.8250974378216744, 3.075090658225646E-4, -3.512142076055474
0.0015057999999999975, -2.8222327071953552, 2.978788680093605E-4, -3.5259603052188333
0.0015156999999999974, -2.819386749388398, 2.9879208259884544E-4, -3.524630914651781
0.0015255999999999974, -2.8165593199620513, 3.1436804761665176E-4, -3.5025616021013457
0.0015354999999999974, -2.813750179220913, 3.0770743262564104E-4, -3.5118620133095244
0.0015453999999999973, -2.810959092090991, 3.2514665003651426E-4, -3.4879207161390937
0.0015552999999999973, -2.808185828001659, 3.2030622249440584E-4, -3.494434624343563
0.0015651999999999973, -2.8054301607713583, 3.1639947688751654E-4, -3.4997642432055014
0.0015750999999999972, -2.802691868496898, 3.1342071884012183E-4, -3.503872297655181
0.0015849999999999972, -2.7999707334462305, 3.345301456286277E-4, -3.4755647404065817
0.0015948999999999972, -2.7972665419545577, 3.333686477883346E-4, -3.4770752465379346
0.0016047999999999972, -2.794579084323658, 3.3312972714125795E-4, -3.4773866109072586
0.0016146999999999971, -2.791908154724306, 3.33811241919657E-4, -3.476499041469054
0.001624599999999997, -2.789253551101675, 3.354119316650526E-4, -3.474421492224496
0.001634499999999997, -2.786615075083613, 3.379314408815896E-4, -3.471171399920416
0.001644399999999997, -2.7839925318916885, 3.2877261504758926E-4, -3.4831043639696446
0.001654299999999997, -2.7813857302549065, 3.328928332446816E-4, -3.47769555454532
0.001664199999999997, -2.778794482325997, 3.379312652044918E-4, -3.4711716256928797
0.001674099999999997, -2.7762186036001872, 3.4389094407437143E-4, -3.4635792606139066
0.001683999999999997, -2.77365791283637, 3.507755538884234E-4, -3.4549706809311522
0.0016938999999999969, -2.771112231980579, 3.4482253696691174E-4, -3.462404357230999
0.0017037999999999969, -2.768581386091698, 3.533081681126312E-4, -3.4518463220182047
0.0017136999999999968, -2.7660652032693163, 3.395447114635674E-4, -3.4691030294442586
0.0017235999999999968, -2.7635635145836708, 3.586020951840154E-4, -3.445387177338816
0.0017334999999999968, -2.7610761540075854, 3.4643908032557565E-4, -3.4603731229698704
0.0017433999999999967, -2.7586029583503544, 3.583491736631447E-4, -3.4456935926565597
0.0017532999999999967, -2.756143767193495, 3.560849841893476E-4, -3.448446339780406
0.0017631999999999967, -2.7536984228283097, 3.6961996781210353E-4, -3.4322445751240935
0.0017730999999999966, -2.751266770195196, 3.608714996375431E-4, -3.4426474156376448
0.0017829999999999966, -2.7488486568246464, 3.6044911419149333E-4, -3.44315603742359
0.0017928999999999966, -2.7464439327798806, 3.7650562392865E-4, -3.4242285322841632
0.0018027999999999965, -2.744052450601061, 3.7722082934384815E-4, -3.4234043344412366
0.0018126999999999965, -2.7416740652510283, 3.7168328058630065E-4, -3.429826974315686
0.0018225999999999965, -2.739308634062524, 3.7355523669929734E-4, -3.4276451710372866
0.0018324999999999965, -2.736956016686835, 3.6963069217815526E-4, -3.4322319744373426
0.0018423999999999964, -2.734616075043826, 3.7265271531350484E-4, -3.4286957099593565
0.0018522999999999964, -2.7322886732733083, 3.7033138688408505E-4, -3.4314094784099094
0.0018621999999999964, -2.7299736776877075, 3.7449988448805797E-4, -3.426548311919673
0.0018720999999999963, -2.7276709567259823, 3.791266621057395E-4, -3.421215672713542
0.0018819999999999963, -2.7253803809087627, 3.790908087728071E-4, -3.4212567451110005
0.0018918999999999963, -2.723101822794662, 3.8486496429922327E-4, -3.4146916225610915
0.0019017999999999962, -2.72083515693773, 3.864272070166348E-4, -3.4129323039924997
0.0019116999999999962, -2.7185802598460107, 3.9335261291995575E-4, -3.405217960601118
0.0019215999999999962, -2.71633700994117, 4.0074097453564604E-4, -3.397136250018122
0.0019314999999999962, -2.714105287519162, 4.0460086887328687E-4, -3.3929731889244112
0.0019413999999999961, -2.711884974711898, 3.899502748841891E-4, -3.408990769179224
0.001951299999999996, -2.7096759554498937, 3.9893351903011427E-4, -3.3990994720425203
0.0019611999999999963, -2.70747811542586, 4.050718280656804E-4, -3.3924679600774996
0.0019710999999999965, -2.7052913420592097, 4.1522502582570174E-4, -3.3817164792191523
0.0019809999999999967, -2.7031155244614538, 4.0262876994103544E-4, -3.395095195716062
0.001990899999999997, -2.700950553402461, 4.1368479535900803E-4, -3.383330440944057
0.002000799999999997, -2.6987963212775545, 4.2281495350065244E-4, -3.3738496616011817
0.002010699999999997, -2.6966527220754184, 4.118143790588869E-4, -3.3852984934710073
0.0020205999999999974, -2.694519651346795, 4.2448809121976394E-4, -3.3721344891422658
0.0020304999999999976, -2.6923970061739446, 4.1441936279571965E-4, -3.382559961373627
0.0020403999999999978, -2.6902846851408513, 4.280040276969026E-4, -3.3685521440748905
0.002050299999999998, -2.688182588304145, 4.175802571429514E-4, -3.3792600426125015
0.002060199999999998, -2.686090617164729, 4.3231831515737074E-4, -3.364196365198965
0.0020700999999999983, -2.6840086746400855, 4.243096492042894E-4, -3.3723170918522194
0.0020799999999999985, -2.681936665037239, 4.399707865877939E-4, -3.3565761590704395
0.0020898999999999987, -2.679874494026365, 4.3287431991517695E-4, -3.363638177757973
0.002099799999999999, -2.6778220686150243, 4.262587235416983E-4, -3.370326719912045
0.002109699999999999, -2.6757792971229963, 4.432783891956219E-4, -3.3533234410035484
0.0021195999999999993, -2.6737460891577083, 4.37876246912891E-4, -3.3586486129591684
0.0021294999999999994, -2.6717223555902323, 4.3285726051767756E-4, -3.3636552934607313
0.0021393999999999996, -2.6697080085318436, 4.5149671867981956E-4, -3.3453454016393485
0.0021493, -2.6677029613111145, 4.4738013814535045E-4, -3.3493233007162533
0.0021592, -2.66570712845154, 4.4373164195227833E-4, -3.352879601179096
0.0021691, -2.66372042564967, 4.405492268361674E-4, -3.356005556607606
0.0021790000000000004, -2.661742769753744, 4.3783096757330907E-4, -3.358693524242339
0.0021889000000000006, -2.6597740787428097, 4.587380906962847E-4, -3.3384351973164716
0.0021988000000000008, -2.657814271706307, 4.5692021537509307E-4, -3.340159627167239
0.002208700000000001, -2.6558632688241173, 4.555639359411358E-4, -3.3414506635255314
0.002218600000000001, -2.6539209913470576, 4.5466797859834604E-4, -3.3423056312528674
0.0022285000000000013, -2.6519873615778047, 4.5423121709734724E-4, -3.3427230221478976
0.0022384000000000015, -2.6500623028522474, 4.5425268392078067E-4, -3.3427024980132325
0.0022483000000000017, -2.648145739521247, 4.547315793851308E-4, -3.3422448846414405
0.002258200000000002, -2.6462375969328003, 4.5566727847564525E-4, -3.3413521570389983
0.002268100000000002, -2.6443378014145895, 4.5705933529730273E-4, -3.340027416298931
0.0022780000000000022, -2.642446280256918, 4.589074850519325E-4, -3.338274858648247
0.0022879000000000024, -2.6405629616960096, 4.6121164356358036E-4, -3.336099737215192
0.0022978000000000026, -2.6386877748976723, 4.6397190437014543E-4, -3.3335083171745175
0.002307700000000003, -2.6368206499413134, 4.671885335810501E-4, -3.3305078248502533
0.002317600000000003, -2.634961517804294, 4.708619626025063E-4, -3.3271063915259753
0.002327500000000003, -2.6331103103466194, 4.7499277901194657E-4, -3.3233129926048237
0.0023374000000000034, -2.6312669602959526, 4.795817158260121E-4, -3.3191373828443274
0.0023473000000000036, -2.629431401232948, 4.7913621764467844E-4, -3.3195409998186687
0.0023572000000000037, -2.627603567576888, 4.844108600228609E-4, -3.3147861289576963
0.002367100000000004, -2.6257833945716254, 4.901452309246408E-4, -3.3096752186573446
0.002377000000000004, -2.623970818271819, 4.963405075356925E-4, -3.3042202795450977
0.0023869000000000043, -2.6221657755294507, 5.029979536010935E-4, -3.2984337818259033
0.0023968000000000045, -2.6203682039806266, 4.8690845916180513E-4, -3.312552680300315
0.0024067000000000047, -2.618578042032649, 4.944640883302393E-4, -3.305865244625663
0.002416600000000005, -2.6167952288513514, 5.024848626369002E-4, -3.2988770168373955
0.002426500000000005, -2.6150197043486947, 5.036520456680098E-4, -3.297869397749009
0.0024364000000000052, -2.6132514091706156, 5.123642437173211E-4, -3.290421185910372
0.0024463000000000054, -2.61149028468512, 4.983365517411942E-4, -3.3024772572453123
0.0024562000000000056, -2.6097362729706197, 5.07948065244317E-4, -3.294180689548425
0.002466100000000006, -2.6079893168045, 5.18031392565778E-4, -3.2856439213262245
0.002476000000000006, -2.6062493596519185, 5.053593411642432E-4, -3.2963997023019904
0.002485900000000006, -2.604516345654829, 5.076963912436164E-4, -3.294395923592744
0.0024958000000000063, -2.602790219621219, 5.189067143928403E-4, -3.284910709715761
0.0025057000000000065, -2.601070927014564, 5.073977689628283E-4, -3.2946514467107852
0.0025156000000000067, -2.599358413943489, 5.195136777374124E-4, -3.284403013866792
0.002525500000000007, -2.5976526271516303, 5.321120284316921E-4, -3.273996923705486
0.002535400000000007, -2.5959535140077024, 5.353623487351844E-4, -3.2713521753820514
0.0025453000000000073, -2.5942610224957487, 5.25432225317292E-4, -3.279483294990573
0.0025552000000000075, -2.592575101205591, 5.391701189370795E-4, -3.268274184611338
0.0025651000000000077, -2.590895699323456, 5.301422805157012E-4, -3.2756075580402775
0.002575000000000008, -2.5892227666227887, 5.340964540561374E-4, -3.2723803053653784
0.002584900000000008, -2.5875562534552365, 5.257790477727848E-4, -3.279196724463902
0.002594800000000008, -2.5858961107418095, 5.410930642447151E-4, -3.266728032837984
0.0026047000000000084, -2.584242289964208, 5.336705043473236E-4, -3.272726799731893
0.0026146000000000086, -2.5825947431563123, 5.383233674155134E-4, -3.2689567680212948
0.0026245000000000088, -2.5809534228958393, 5.547956401754763E-4, -3.255866960459554
0.002634400000000009, -2.579318282296147, 5.485061409088272E-4, -3.2608185058324093
0.002644300000000009, -2.5776892749982028, 5.53617603260415E-4, -3.256790109163081
0.0026542000000000093, -2.576066355162693, 5.480255454743486E-4, -3.261199196990136
0.0026641000000000095, -2.5744494774622857, 5.428907372473968E-4, -3.2652875681742346
0.0026740000000000097, -2.572838597074033, 5.614040934012464E-4, -3.250724425091155
0.00268390000000001, -2.5712336696719165, 5.67212551949742E-4, -3.24625416713706
0.00269380000000001, -2.569634651419528, 5.632067756638968E-4, -3.2493321290510635
0.0027037000000000103, -2.5680414989628852, 5.596550135448995E-4, -3.2520796013555904
0.0027136000000000104, -2.5664541694233787, 5.659295752921732E-4, -3.247237609385817
0.0027235000000000106, -2.5648726203908474, 5.63067113590125E-4, -3.2494398372539433
0.002733400000000011, -2.56329680991678, 5.606562143209178E-4, -3.2513033597590693
0.002743300000000011, -2.561726696507639, 5.673954919675233E-4, -3.2461141190537486
0.002753200000000011, -2.5601622391183025, 5.656713664060588E-4, -3.247435804159667
0.0027631000000000114, -2.55860339714563, 5.643971503005239E-4, -3.2484151877098264
0.0027730000000000116, -2.5570501304221365, 5.716007249536659E-4, -3.2429072290707506
0.0027829000000000118, -2.5555023992097827, 5.710120337860345E-4, -3.243354739124028
0.002792800000000012, -2.553960164193876, 5.784439850249961E-4, -3.2377386905970904
0.002802700000000012, -2.552423386477076, 5.785408149570292E-4, -3.2376659969795702
0.0028126000000000123, -2.5508920275735107, 5.790868170029289E-4, -3.2372563217322297
0.0028225000000000125, -2.5493660494029924, 5.869841285240684E-4, -3.2313736414910643
0.0028324000000000127, -2.547845414285335, 5.882164010327209E-4, -3.230462870378584
0.002842300000000013, -2.5463300849347714, 5.898984628349702E-4, -3.2292227355195453
0.002852200000000013, -2.5448200244544688, 5.982626768005233E-4, -3.223108090196871
0.0028621000000000132, -2.5433151963311382, 6.006328939116256E-4, -3.221390887166807
0.0028720000000000134, -2.541815564429735, 5.860381769974414E-4, -3.2320740912869175
0.0028819000000000136, -2.540321092988255, 5.890799940862734E-4, -3.229825726212353
0.002891800000000014, -2.538831746612615, 5.92572287919278E-4, -3.2272586624832926
0.002901700000000014, -2.537347490271624, 6.016308903451071E-4, -3.22066987327743
0.002911600000000014, -2.5358682892920412, 6.058138227952872E-4, -3.2176608216350044
0.0029215000000000144, -2.5343941093537117, 6.151047041751948E-4, -3.2110509515821426
0.0029314000000000145, -2.5329249164847916, 6.199807971887543E-4, -3.207621761798703
0.0029413000000000147, -2.53146067705705, 6.020844621879113E-4, -3.220342580354921
0.002951200000000015, -2.530001357781251, 6.118403238793666E-4, -3.2133619038449677
0.002961100000000015, -2.5285469257026105, 6.178391239127286E-4, -3.209124593992774
0.0029710000000000153, -2.527097348196334, 6.278298448708974E-4, -3.202158043279705
0.0029809000000000155, -2.525652592963222, 6.113062295213635E-4, -3.213741178506035
0.0029908000000000157, -2.5242126280253556, 6.215221223925094E-4, -3.2065434085154902
0.003000700000000016, -2.522777421721847, 6.288867497870517E-4, -3.2014275554622436
0.003010600000000016, -2.5213469427046613, 6.161477761984637E-4, -3.21031511463639
0.0030205000000000162, -2.5199211599345124, 6.241772822092178E-4, -3.204692042128108
0.0030304000000000164, -2.518500042676818, 6.326691072374242E-4, -3.198823371300093
0.0030403000000000166, -2.5170835604977264, 6.435924582092595E-4, -3.1913890537235563
0.003050200000000017, -2.515671683260204, 6.295516824906993E-4, -3.2009686110697357
0.003060100000000017, -2.514264381120191, 6.407018269835961E-4, -3.193344037600518
0.003070000000000017, -2.5128616245228113, 6.273556029347821E-4, -3.202486218954626
0.0030799000000000173, -2.511463384198654, 6.387325579603222E-4, -3.1946809460901235
0.0030898000000000175, -2.5100696311601043, 6.49271130407904E-4, -3.187573907435706
0.0030997000000000177, -2.5086803366977417, 6.376810966472287E-4, -3.1953964570028335
0.003109600000000018, -2.5072954723767875, 6.488883622028551E-4, -3.18783001483247
0.003119500000000018, -2.5059150100336156, 6.607374045876876E-4, -3.179971106925275
0.0031294000000000183, -2.504538921772314, 6.494209535888655E-4, -3.187473702957919
0.0031393000000000185, -2.5031671799613058, 6.614994800183189E-4, -3.1794704928600988
0.0031492000000000187, -2.5017997572300152, 6.508667026899413E-4, -3.186507945707942
0.003159100000000019, -2.5004366264655946, 6.631753879250804E-4, -3.178371599898478
0.003169000000000019, -2.499077760809697, 6.532239038707345E-4, -3.1849379312084736
0.003178900000000019, -2.4977231336553007, 6.657635753158301E-4, -3.176679969275583
0.0031888000000000194, -2.496372718643585, 6.564913605593115E-4, -3.182770984861792
0.0031987000000000196, -2.4950264896608507, 6.692629805966135E-4, -3.1744031967614093
0.0032086000000000198, -2.4936844208354914, 6.60668388632162E-4, -3.1800164726241826
0.00321850000000002, -2.492346486535009, 6.736730348971435E-4, -3.171550835799682
0.00322840000000002, -2.491012661363079, 6.657548104886797E-4, -3.176685686832482
0.0032383000000000203, -2.489682920156654, 6.78993654737354E-4, -3.1681342842252858
0.0032482000000000205, -2.4883572379831183, 6.717509403234979E-4, -3.17279171696473
0.0032581000000000207, -2.4870355901374825, 6.852252265154643E-4, -3.1641666568933426
0.003268000000000021, -2.4857179521396193, 6.786575613671069E-4, -3.168349307785612
0.003277900000000021, -2.4844042997315454, 6.923685835922415E-4, -3.1596626465766486
0.0032878000000000213, -2.4830946088747403, 6.828595201889429E-4, -3.165668631431009
0.0032977000000000214, -2.4817888557475065, 6.772110036223937E-4, -3.169275993897919
0.0033076000000000216, -2.480487016742371, 6.911370188348771E-4, -3.160435844630302
0.003317500000000022, -2.479189068463524, 6.861618013176329E-4, -3.1635734628154446
0.003327400000000022, -2.477894987724295, 7.003274484281934E-4, -3.1546988517081416
0.003337300000000022, -2.4766047515446683, 6.960263342495781E-4, -3.157374328488695
0.0033472000000000224, -2.4753183371488356, 6.872305178653426E-4, -3.1628975630210605
0.0033571000000000226, -2.4740357219627818, 7.068071406524591E-4, -3.1506990716011885
0.0033670000000000228, -2.4727568836119085, 6.982256686057218E-4, -3.156004189424861
0.003376900000000023, -2.471481799918693, 7.128516587858176E-4, -3.1470008354685293
0.003386800000000023, -2.47021044890038, 7.101387957897506E-4, -3.1486567606406988
0.0033967000000000233, -2.4689428087667076, 7.018000934122418E-4, -3.153786578314374
0.0034066000000000235, -2.4676788579176665, 6.997541776106709E-4, -3.1550545000674504
0.0034165000000000237, -2.466418574941291, 7.148449975105347E-4, -3.1457881176724802
0.003426400000000024, -2.4651619386114842, 7.134753945715763E-4, -3.146620999684653
0.003436300000000024, -2.463908927885871, 7.288139430617956E-4, -3.1373833273949994
0.0034462000000000242, -2.4626595219036846, 7.209222652284459E-4, -3.142111561358765
0.0034561000000000244, -2.461413699983684, 7.20462511966158E-4, -3.1423886120322275
0.0034660000000000246, -2.4601714416220988, 7.128279635803656E-4, -3.1470152716669775
0.003475900000000025, -2.4589327264906022, 7.36247671887834E-4, -3.1329760654990566
0.003485800000000025, -2.45769753443432, 7.2881815432682E-4, -3.1373808179426277
0.003495700000000025, -2.4564658454698587, 7.214134685678007E-4, -3.1418157537974283
0.0035056000000000254, -2.4552376397833666, 7.22523885721333E-4, -3.1411477911105106
0.0035155000000000255, -2.454012897728624, 7.385416224712772E-4, -3.1316250238453054
0.0035254000000000257, -2.452791599825153, 7.403360430120041E-4, -3.130571106621876
0.003535300000000026, -2.451573726756362, 7.333839029994261E-4, -3.1346686265750954
0.003545200000000026, -2.450359259367712, 7.496331785165978E-4, -3.125151199964732
0.0035551000000000263, -2.4491481786649065, 7.523404705004197E-4, -3.1235855756362563
0.0035650000000000265, -2.4479404658121124, 7.456110553122031E-4, -3.1274876612422045
0.0035749000000000267, -2.4467361021302, 7.489788111856583E-4, -3.125530468435796
0.003584800000000027, -2.4455350690950097, 7.424936745941294E-4, -3.129307241809493
0.003594700000000027, -2.4443373483356448, 7.592073469160857E-4, -3.1196395978546354
0.0036046000000000272, -2.443142921632781, 7.634909256840468E-4, -3.11719612029553
0.0036145000000000274, -2.4419517709170084, 7.572238607067676E-4, -3.120775709539177
0.0036244000000000276, -2.4407638782671883, 7.621685865729435E-4, -3.1179489550117285
0.003634300000000028, -2.439579225908835, 7.561413903191314E-4, -3.1213969885014463
0.003644200000000028, -2.4383977962125227, 7.733273413191734E-4, -3.1116366348832027
0.003654100000000028, -2.4372195716923093, 7.559582128498942E-4, -3.12150221035895
0.0036640000000000283, -2.436044535004184, 7.733798746441079E-4, -3.111607133587924
0.0036739000000000285, -2.4348726689445344, 7.675842482102139E-4, -3.1148739461116257
0.0036838000000000287, -2.433703956448638, 7.743319598933953E-4, -3.1110728152309837
0.003693700000000029, -2.432538380589168, 7.687716185295033E-4, -3.114202658304581
0.003703600000000029, -2.431375924574724, 7.864147075430731E-4, -3.1043483729161676
0.0037135000000000293, -2.4302165717483803, 7.708561570895165E-4, -3.1130266543880003
0.0037234000000000295, -2.429060305586254, 7.887390723021391E-4, -3.103066644700908
0.0037333000000000297, -2.427907109696091, 7.738376620247755E-4, -3.11135013735514
0.00374320000000003, -2.426756967815873, 7.919621977505972E-4, -3.1012955478298645
0.00375310000000003, -2.4256098638124395, 7.86858807455825E-4, -3.1041031896790434
0.00376300000000003, -2.4244657816801323, 7.960843953091507E-4, -3.0990408889530627
0.0037729000000000304, -2.423324705539454, 7.912110339259999E-4, -3.101707664864161
0.0037828000000000306, -2.4221866196357467, 7.863514797047189E-4, -3.104383291649209
0.0037927000000000308, -2.421051508337885, 7.964618258231817E-4, -3.098835034968495
0.003802600000000031, -2.419919356136989, 7.918302534139032E-4, -3.1013679092020063
0.003812500000000031, -2.4187901476451543, 7.872117894088316E-4, -3.1039084104648493
0.0038224000000000313, -2.417663867594194, 7.98207750783314E-4, -3.0978840594308723
0.0038323000000000315, -2.416540500834402, 7.938153568048102E-4, -3.100280503676428
0.0038422000000000317, -2.415420032333331, 8.12617897706049E-4, -3.090113616676876
0.003852100000000032, -2.414302447174583, 8.013184748642071E-4, -3.0961948442312788
0.003862000000000032, -2.4131877305566203, 7.971627793507246E-4, -3.098452987317215
0.0038719000000000323, -2.412075867791588, 8.161930810008635E-4, -3.088207091130846
0.0038818000000000324, -2.410966844304153, 8.057912462838601E-4, -3.093777454881701
0.0038917000000000326, -2.4098606456303573, 8.250747552664233E-4, -3.083506700748394
0.003901600000000033, -2.4087572574164864, 8.211305638683017E-4, -3.0855877823942537
0.003911500000000033, -2.4076566654179525, 8.116242715615092E-4, -3.090644973901364
0.003921400000000033, -2.40655885549819, 8.311406421636211E-4, -3.080325480490943
0.003931300000000033, -2.4054638136275663, 8.27428869521944E-4, -3.0822693303641886
0.0039412000000000336, -2.4043715258823064, 8.188167093128395E-4, -3.0868133034199876
0.003951100000000034, -2.40328197844343, 8.38568673478261E-4, -3.076461365626281
0.003961000000000034, -2.4021951575957035, 8.350874395726094E-4, -3.0782680484257225
0.003970900000000034, -2.401111049726602, 8.273686440828554E-4, -3.0823009421785197
0.003980800000000034, -2.40002964132529, 8.241383076859724E-4, -3.083999898467506
0.0039907000000000345, -2.3989509189816074, 8.441066037304246E-4, -3.0736027020849384
0.004000600000000035, -2.3978748693850727, 8.372810420680911E-4, -3.077128742087331
0.004010500000000035, -2.3968014793238988, 8.342776582564952E-4, -3.0786893865562233
0.004020400000000035, -2.395730735684019, 8.312821909233779E-4, -3.080251523559881
0.004030300000000035, -2.394662625448125, 8.514701560850342E-4, -3.0698305693980648
0.004040200000000035, -2.3935971356947183, 8.457779208000133E-4, -3.0727436563845285
0.004050100000000036, -2.392534253597171, 8.430073606393984E-4, -3.0741686333573237
0.004060000000000036, -2.391473966422802, 8.402440315587531E-4, -3.075594563738348
0.004069900000000036, -2.390416261531958, 8.586418416855133E-4, -3.066187952136137
0.004079800000000036, -2.3893611263771124, 8.560950830452264E-4, -3.0674779972987842
0.004089700000000036, -2.3883085485019713, 8.535548644337983E-4, -3.0687685582574447
0.0040996000000000365, -2.3872585155405903, 8.496332037580416E-4, -3.070768523655355
0.004109500000000037, -2.3862110152165044, 8.705489733093367E-4, -3.060206792335567
0.004119400000000037, -2.3851660353418653, 8.68230995313293E-4, -3.0613647141742955
0.004129300000000037, -2.3841235638165914, 8.659188992422872E-4, -3.0625227814940907
0.004139200000000037, -2.3830835886275277, 8.631281788830925E-4, -3.063924704576823
0.0041491000000000375, -2.3820460978476135, 8.610577478051333E-4, -3.064967721122305
0.004159000000000038, -2.3810110796350625, 8.821856370486978E-4, -3.0544400172913146
0.004168900000000038, -2.3799785222325522, 8.802920252964397E-4, -3.0553732324677463
0.004178800000000038, -2.3789484139664223, 8.784414063200687E-4, -3.0562872014544324
0.004188700000000038, -2.3779207432458827, 8.76595593420992E-4, -3.057200716841719
0.004198600000000038, -2.376895498562231, 8.747545797617788E-4, -3.0581137750982
0.004208500000000039, -2.375872668488079, 8.73967067789479E-4, -3.058504931835582
0.004218400000000039, -2.3748522416765883, 8.955754054799098E-4, -3.047897841635018
0.004228300000000039, -2.3738342068607166, 8.9395273696417E-4, -3.0486854416271845
0.004238200000000039, -2.3728185528524692, 8.940665955786103E-4, -3.0486301310752957
0.004248100000000039, -2.3718052685421616, 8.926817389861795E-4, -3.0493033492170114
0.0042580000000000395, -2.370794342897692, 8.91300648607165E-4, -3.04997577743672
0.00426790000000004, -2.369785764963819, 8.899233088264631E-4, -3.0506474180613465
0.00427780000000004, -2.3687795238614493, 8.911406527982288E-4, -3.050053743871947
0.00428770000000004, -2.3677756087869346, 8.899994340717585E-4, -3.0506102695119304
0.00429760000000004, -2.3667740090113747, 9.120616607171839E-4, -3.0399757998250956
0.0043075000000000405, -2.36577471387993, 9.109041135958017E-4, -3.040527336669076
0.004317400000000041, -2.364777712811141, 9.132621039604793E-4, -3.0394045631364013
0.004327300000000041, -2.363782995296257, 9.123398513556099E-4, -3.0398433545718744
0.004337200000000041, -2.3627905508985707, 9.114203650702103E-4, -3.0402812716293615
0.004347100000000041, -2.3618003692527605, 9.105036231671007E-4, -3.0407183216775753
0.004357000000000041, -2.360812440064242, 9.139648258114395E-4, -3.039070517887551
0.004366900000000042, -2.359826753108526, 9.132820051011203E-4, -3.0393950994114123
0.004376800000000042, -2.358843298230583, 9.12601518954039E-4, -3.039718812713469
0.004386700000000042, -2.3578620653442153, 9.169345350106921E-4, -3.037661669889974
0.004396600000000042, -2.356883044431436, 9.164871206795901E-4, -3.0378736337645975
0.004406500000000042, -2.3559062255418577, 9.160416429990804E-4, -3.0380847829766613
0.0044164000000000425, -2.354931598792082, 9.387947897590299E-4, -3.027429329368696
0.004426300000000043, -2.353959154365102, 9.210346349057789E-4, -3.0357240381357897
0.004436200000000043, -2.3529888825097096, 9.208230650813902E-4, -3.0358238108898674
0.004446100000000043, -2.352020773539906, 9.438196178476325E-4, -3.0251109998322017
0.004456000000000043, -2.3510548178343234, 9.435913483588879E-4, -3.0252160497461915
0.0044659000000000434, -2.3500910058356514, 9.269456946980992E-4, -3.0329457083407148
0.004475800000000044, -2.34912932805007, 9.501889342410566E-4, -3.0221900316162773
0.004485700000000044, -2.3481697750466854, 9.50193664165565E-4, -3.0221878697567495
0.004495600000000044, -2.3472123374569804, 9.501994469336967E-4, -3.022185226699084
0.004505500000000044, -2.34625700597426, 9.346646208897166E-4, -3.029344195999877
0.004515400000000044, -2.3453037713531124, 9.581404928054988E-4, -3.0185708053508895
0.0045253000000000446, -2.3443526244088706, 9.583781856881671E-4, -3.0184630801207435
0.004535200000000045, -2.343403556017082, 9.58616559900364E-4, -3.018355072933184
0.004545100000000045, -2.3424565571129827, 9.588555861028602E-4, -3.0182467972937923
0.004555000000000045, -2.3415116186909786, 9.446762389373448E-4, -3.024717008141383
0.004564900000000045, -2.3405687318041304, 9.6837189363439E-4, -3.013957824162803
0.0045748000000000455, -2.3396278875636467, 9.688415997854288E-4, -3.0137472218784365
0.004584700000000046, -2.338689077138381, 9.693116037416343E-4, -3.01353658824196
0.004594600000000046, -2.3377522917543327, 9.562377679370306E-4, -3.019434107238511
0.004604500000000046, -2.3368175226941577, 9.56954395266498E-4, -3.019108758519956
0.004614400000000046, -2.3358847612966795, 9.80874863454176E-4, -3.008386394840062
0.004624300000000046, -2.3349539989564088, 9.815748068946917E-4, -3.008076596742977
0.004634200000000047, -2.334025227123067, 9.696058074189951E-4, -3.0134047919788713
0.004644100000000047, -2.3330984373011145, 9.705513870933541E-4, -3.0129814653861082
0.004654000000000047, -2.3321736210492845, 9.71496660005371E-4, -3.0125586881611937
0.004663900000000047, -2.3312507699801226, 9.724415962239735E-4, -3.0121364724694173
0.004673800000000047, -2.3303298757595288, 9.847830885861264E-4, -3.006659418034487
0.0046837000000000475, -2.3294109301063077, 9.859569441274148E-4, -3.0061420499027585
0.004693600000000048, -2.3284939247917205, 9.87130193494292E-4, -3.005625564060578
0.004703500000000048, -2.327578851639042, 9.883028068908017E-4, -3.0051099711883067
0.004713400000000048, -2.326665702523126, 9.894747545810241E-4, -3.004595281888126
0.004723300000000048, -2.32575446936997, 0.0010031751245168441, -2.9986232454717032
0.0047332000000000485, -2.324845144156287, 0.001004575883707448, -2.99801725191656
0.004743100000000049, -2.3239377189090833, 0.0010059757292686419, -2.997412497184519
0.004753000000000049, -2.323032185705237, 0.0010073746317392682, -2.996808989982548
0.004762900000000049, -2.322128536671084, 9.989485210790947E-4, -3.000456891741322
0.004772800000000049, -2.321226763982008, 0.0010005902887229906, -2.9997437164980667
0.004782700000000049, -2.320326859862032, 0.0010022308878882276, -2.9990322168073695
0.00479260000000005, -2.3194288165834167, 0.0010038702895803049, -2.998322398902886
0.00480250000000005, -2.3185326264662645, 0.0010055084648587335, -2.9976142689499206
0.00481240000000005, -2.3176382818781214, 0.0010216404906198135, -2.9907019030348923
0.00482230000000005, -2.3167457752335907, 0.0010235072142128789, -2.989909091856578
0.00483220000000005, -2.3158550989939455, 0.0010253725019615356, -2.989118333478902
0.0048421000000000505, -2.3149662456667452, 0.0010272363253839402, -2.988329631375242
0.004852000000000051, -2.31407920780546, 0.0010290986560461551, -2.9875429889667706
0.004861900000000051, -2.313193978009095, 0.0010233488175926426, -2.9899763078963866
0.004871800000000051, -2.31231054892182, 0.001025452546730701, -2.9890844319995016
0.004881700000000051, -2.3114289132326027, 0.0010275545912112637, -2.988195095941419
0.0048916000000000515, -2.3105490636748454, 0.001029654923189645, -2.9873082996293023
0.004901500000000052, -2.3096709930260264, 0.0010317535148639079, -2.986424042941557
0.004911400000000052, -2.308794694107344, 0.0010273259749422848, -2.9882917310316874
0.004921300000000052, -2.3079201597833636, 0.0010296651843472292, -2.9873039716337657
0.004931200000000052, -2.3070473829616702, 0.001032002478138475, -2.986319259840035
0.004941100000000052, -2.3061763565925224, 0.001034337829121848, -2.9853375914539946
0.004951000000000053, -2.3053070736685113, 0.0010309885665248373, -2.986746150936372
0.004960900000000053, -2.304439527224222, 0.0010335640594893673, -2.9856626009713074
0.004970800000000053, -2.3035737103358986, 0.0010361374507995703, -2.9845826286021833
0.004980700000000053, -2.302709616121113, 0.0010387087138748734, -2.983506225005821
0.004990600000000053, -2.301847237738436, 0.001041277822171266, -2.9824333814036152
0.0050005000000000535, -2.300986568387114, 0.0010392485095160975, -2.98328058968381
0.005010400000000054, -2.3001276013067438, 0.0010420573118030958, -2.9821083947453664
0.005020300000000054, -2.2992703297769586, 0.0010448638175201475, -2.980940309699903
0.005030200000000054, -2.298414747117108, 0.0010476680007137724, -2.979776320693243
0.005040100000000054, -2.2975608466859487, 0.001050469835457194, -2.978616413969668
0.0050500000000000544, -2.2967086218813337, 0.0010532692958565436, -2.977460575868564
0.005059900000000055, -2.2958580661399077, 0.0010528021303483385, -2.977653244933015
0.005069800000000055, -2.295009172936801, 0.0010558409117476745, -2.976401513956558
0.005079700000000055, -2.294161935785332, 0.0010588771941979515, -2.9751544053078294
0.005089600000000055, -2.293316348236707, 0.0010619109523544422, -2.9739118999424266
0.005099500000000055, -2.2924724038797297, 0.001064942160900156, -2.9726739789708065
0.0051094000000000556, -2.2916300963405045, 0.0010657970272431876, -2.972325495442152
0.005119300000000056, -2.290789419282152, 0.0010690674666835886, -2.97099488648081
0.005129200000000056, -2.2899503664045207, 0.0010723352477766263, -2.9696694184697763
0.005139100000000056, -2.289112931443904, 0.0010756003457022519, -2.9683490668647305
0.005149000000000056, -2.2882771081727604, 0.0010788627356669595, -2.9670338073416938
0.0051589000000000565, -2.2874428903994346, 0.0010810425306330656, -2.9661572195934927
0.005168800000000057, -2.286610271967883, 0.0010845442190540939, -2.9647527362273003
0.005178700000000057, -2.2857792467574, 0.0010880431056002136, -2.963353898614423
0.005188600000000057, -2.2849498086823514, 0.0010915391659166856, -2.96196067659586
0.005198500000000057, -2.2841219516919016, 0.001095032375679262, -2.960573040302409
0.005208400000000057, -2.2832956697697537, 0.0010985410413212199, -2.9591837132665657
0.005218300000000058, -2.282470956933884, 0.0011022737618366027, -2.957710530266861
0.005228200000000058, -2.2816478072362845, 0.0011060035514483442, -2.956243478481644
0.005238100000000058, -2.2808262147627034, 0.0011097303862117123, -2.9547825221172377
0.005248000000000058, -2.2800061736323913, 0.0011134542422142311, -2.953327625744616
0.005257900000000058, -2.2791876779978484, 0.0011171750955770003, -2.951878754294017
0.0052678000000000585, -2.278370722044574, 0.0010990174844349454, -2.9589953982651234
0.005277700000000059, -2.2775552999908197, 0.001102985735614864, -2.9574301040455846
0.005287600000000059, -2.2767414060873428, 0.0011069509243242445, -2.9558716327505654
0.005297500000000059, -2.275929034617163, 0.001110913026858553, -2.954319940549632
0.005307400000000059, -2.2751181798953226, 0.0011148720195497059, -2.952774984089742
0.0053173000000000595, -2.2743088362686468, 0.0011188278787684432, -2.951236720487453
0.00532720000000006, -2.273500998115507, 0.001125433855016678, -2.948680024648723
0.00533710000000006, -2.272694659845588, 0.0011296294777751676, -2.947063983193779
0.00534700000000006, -2.2718898158996543, 0.0011338219128397202, -2.9454551538599447
0.00535690000000006, -2.2710864607493213, 0.0011380111368227556, -2.943853487820559
0.00536680000000006, -2.2702845888968257, 0.0011421971263819502, -2.9422589367977854
0.005376700000000061, -2.2694841948748024, 0.0011268898631793356, -2.94811852774344
0.005386600000000061, -2.268685273246058, 0.0011313227503532098, -2.946413479334971
0.005396500000000061, -2.2678878186033518, 0.001135752373392687, -2.944716346963021
0.005406400000000061, -2.267091825569174, 0.0011401787088766554, -2.9430270730527384
0.005416300000000061, -2.26629728879553, 0.0011446017334346508, -2.9413456007126784
0.0054262000000000615, -2.265504202963723, 0.0011490214237499102, -2.939671873722831
0.005436100000000062, -2.2647125627841422, 0.0011352511197117005, -2.9449080610769642
0.005446000000000062, -2.263922362996049, 0.0011399173966528233, -2.9431266183807496
0.005455900000000062, -2.26313359836737, 0.0011445803252897345, -2.9413537236482656
0.005465800000000062, -2.2623462636944867, 0.001149239882068764, -2.9395893110982505
0.0054757000000000625, -2.2615603538020297, 0.001153896043505756, -2.9378333157604137
0.005485600000000063, -2.2607758635426767, 0.0011585487861802313, -2.9360856734642
0.005495500000000063, -2.2599927877969477, 0.0011463117792832628, -2.940697244840958
0.005505400000000063, -2.259211121473007, 0.0011512109937570618, -2.938845071655512
0.005515300000000063, -2.258430859506461, 0.0011561067893600765, -2.93700204836551
0.005525200000000063, -2.257651996860166, 0.001160999142296756, -2.9351681011020148
0.005535100000000064, -2.256874528524029, 0.001165888028851591, -2.9333431569414428
0.005545000000000064, -2.256098449514816, 0.0011707734253942532, -2.9315271438873887
0.005554900000000064, -2.255323754875962, 0.0011756553083728458, -2.929719990857241
0.005564800000000064, -2.2545504396773763, 0.001165199578405353, -2.933599681181567
0.005574700000000064, -2.2537784990152607, 0.0011703280418849512, -2.9316923888419177
0.0055846000000000645, -2.2530079280119173, 0.0011754530031240662, -2.9297947301221168
0.005594500000000065, -2.2522387218155666, 0.0011805744380965941, -2.9279066243960195
0.005604400000000065, -2.251470875600163, 0.0011856923228752867, -2.926027992095637
0.005614300000000065, -2.2507043845652133, 0.0011908066336361127, -2.924158754690803
0.005624200000000065, -2.2499392439355987, 0.0011818819294132968, -2.927425907520342
0.0056341000000000654, -2.2491754489613918, 0.0011872430794258012, -2.925460353290224
0.005644000000000066, -2.2484129949176848, 0.0011926006765575956, -2.9235049486166864
0.005653900000000066, -2.24765187710441, 0.0011979546964175644, -2.9215596055426074
0.005663800000000066, -2.246892090846168, 0.001203305114736582, -2.9196242372942423
0.005673700000000066, -2.246133631492055, 0.0012086519073633887, -2.9176987582611438
0.005683600000000066, -2.245376494415493, 0.0012012594014962489, -2.9203632003623454
0.0056935000000000666, -2.2446206750140583, 0.0012068534488270716, -2.918345464144515
0.005703400000000067, -2.2438661687093147, 0.0012124438993330049, -2.916338347384481
0.005713300000000067, -2.2431129709466484, 0.0011948133010958328, -2.9226999513170138
0.005723200000000067, -2.2423610771951004, 0.0012004003330667236, -2.920673892746502
0.005733100000000067, -2.2416104829472054, 0.0012059837357501252, -2.9186585491789545
0.0057430000000000675, -2.2408611837188284, 0.0012115634839740285, -2.9166538245993054
0.005752900000000068, -2.2401131750490038, 0.001205912509984954, -2.918684199500229
0.005762800000000068, -2.2393664524997767, 0.0012117396192754366, -2.916590692100938
0.005772700000000068, -2.2386210116560448, 0.0012175631140659562, -2.9145085172754284
0.005782600000000068, -2.237876848125402, 0.001223382968444848, -2.9124375699081098
0.005792500000000068, -2.237133957537982, 0.00122919915668437, -2.9103777463716067
0.005802400000000069, -2.236392335546305, 0.0012350116532298542, -2.9083289445018496
0.005812300000000069, -2.2356519778251265, 0.0012176349345136954, -2.9144829002836863
0.005822200000000069, -2.234912880071283, 0.0012369567639734665, -2.9076454802382226
0.005832100000000069, -2.2341750380035443, 0.0012197817671912383, -2.9137178625895777
0.005842000000000069, -2.233438447362464, 0.0012258379120854718, -2.911566951139477
0.0058519000000000695, -2.2327031039102314, 0.0012318904097763244, -2.909427925731962
0.00586180000000007, -2.2319690034305264, 0.0012379392332945772, -2.907300672999711
0.00587170000000007, -2.231236141728373, 0.0012439843558914722, -2.905185081214918
0.00588160000000007, -2.230504514629996, 0.0012500257510343227, -2.9030810402584106
0.00589150000000007, -2.2297741179826804, 0.0012479031223113792, -2.9038191286589443
0.0059014000000000705, -2.2290449476546264, 0.0012541931449809134, -2.9016355772690874
0.005911300000000071, -2.2283169995348104, 0.0012372572624123562, -2.9075399883017283
0.005921200000000071, -2.227590269532848, 0.0012435423186327472, -2.9053394307913436
0.005931100000000071, -2.226864753578855, 0.0012498237011294106, -2.903151243813179
0.005941000000000071, -2.2261404476233078, 0.0012561013818862912, -2.9009753066044874
0.005950900000000071, -2.225417347636912, 0.0012623753331466212, -2.898811500179467
0.005960800000000072, -2.224695449610466, 0.0012619941214213682, -2.8989426681031425
0.005970700000000072, -2.2239747495547264, 0.0012685173482132465, -2.8967035890005755
0.005980600000000072, -2.2232552435002786, 0.0012518137937282878, -2.902460267268203
0.005990500000000072, -2.222536927497403, 0.0012583315952672458, -2.900204898621766
0.006000400000000072, -2.221819797615947, 0.0012648457286241848, -2.897962441518174
0.0060103000000000725, -2.2211038499451936, 0.0012713561645097695, -2.8957327668238526
0.006020200000000073, -2.220389080593736, 0.0012778628739398951, -2.8935157473406883
0.006030100000000073, -2.219675485689349, 0.001279225290410887, -2.893052963131959
0.006040000000000073, -2.218963061378863, 0.0012627491208232855, -2.8986829251887896
0.006049900000000073, -2.218251803828041, 0.0012695037238178739, -2.896366020878339
0.0060598000000000735, -2.2175417092214524, 0.0012762546969426881, -2.8940626465876678
0.006069700000000074, -2.216832773762352, 0.0012830020093428285, -2.8917726634646512
0.006079600000000074, -2.2161249936725578, 0.0012897456305149954, -2.889495934783548
0.006089500000000074, -2.2154183651923294, 0.0012964855303055568, -2.887232325900815
0.006099400000000074, -2.214712884580249, 0.001276346301101374, -2.894031475887128
0.006109300000000074, -2.2140085481131018, 0.001283338287256203, -2.8916588487509953
0.006119200000000075, -2.213305352085759, 0.0012903266836218367, -2.8893003215359054
0.006129100000000075, -2.21260329281106, 0.0012973114578024416, -2.8869557462239035
0.006139000000000075, -2.2119023666196975, 0.0013042925778078307, -2.8846249771049775
0.006148900000000075, -2.211202569860101, 0.001311270012046919, -2.882307870729575
0.006158800000000075, -2.210503898898324, 0.0012950431254859782, -2.8877157691512685
0.0061687000000000755, -2.2098063501179297, 0.0013020142298113741, -2.8853842693048564
0.006178600000000076, -2.2091099199198796, 0.0013070624646749015, -2.88370365693714
0.006188500000000076, -2.2084146047224213, 0.001314285452190426, -2.8813102992758584
0.006198400000000076, -2.207720400960978, 0.0012982774343508541, -2.886632491408582
0.006208300000000076, -2.20702730508804, 0.0013054938050210308, -2.8842251847001448
0.0062182000000000764, -2.206335313573054, 0.0013127065777147205, -2.881832338587112
0.006228100000000077, -2.2056444229023175, 0.001319915718459151, -2.8794537992310527
0.006238000000000077, -2.20495462957887, 0.001327121193745616, -2.877089415212723
0.006247900000000077, -2.2042659301223866, 0.001334322970511079, -2.8747390374854027
0.006257800000000077, -2.2035783210690747, 0.001318127690521599, -2.8800425164470282
0.006267700000000077, -2.2028917989715677, 0.0013255829715706378, -2.8775930834966914
0.0062776000000000776, -2.202206360398821, 0.0013330346894936437, -2.8751585488159654
0.006287500000000078, -2.2015220019360107, 0.00131726662494227, -2.880326311582179
0.006297400000000078, -2.2008387201844304, 0.0013247113344647895, -2.877878747770337
0.006307300000000078, -2.2001565117613904, 0.0013321524685963302, -2.8754460660962087
0.006317200000000078, -2.1994753733001167, 0.0013395899915537468, -2.873028105853892
0.0063271000000000785, -2.1987953014496515, 0.0013470238680746433, -2.870624708893737
0.006337000000000079, -2.198116292874755, 0.0013327791852651531, -2.8752417984966177
0.006346900000000079, -2.1974383442558065, 0.0013404672751942488, -2.8727437839757965
0.006356800000000079, -2.196761452288707, 0.001348151855964617, -2.870261186069973
0.006366700000000079, -2.196085613684783, 0.001355832890206469, -2.8677938350512084
0.006376600000000079, -2.19541082517069, 0.0013402960878451324, -2.872799250058495
0.00638650000000008, -2.1947370834883184, 0.0013479698054182409, -2.8703198359068636
0.00639640000000008, -2.194064385394698, 0.0013556399645484436, -2.867855636554176
0.00640630000000008, -2.1933927276619056, 0.0013633065279026909, -2.865406485757597
0.00641620000000008, -2.19272210707697, 0.0013510093904208944, -2.869341632329706
0.00642610000000008, -2.1920525204417824, 0.0013589310741076723, -2.8668025704152797
0.0064360000000000805, -2.1913839645730024, 0.0013668492977821063, -2.864279366009766
0.006445900000000081, -2.19071643630197, 0.0013515439029021371, -2.8691698423230387
0.006455800000000081, -2.1900499324746123, 0.0013594545248114386, -2.866635315442259
0.006465700000000081, -2.189384449951356, 0.0013673616754686694, -2.8641165967087083
0.006475600000000081, -2.1887199856070394, 0.0013752653150394577, -2.8616135100211033
0.0064855000000000815, -2.1880565363308215, 0.0013831654043418842, -2.8591258821483287
0.006495400000000082, -2.1873940990260974, 0.0013728150374192525, -2.862387972333048
0.006505300000000082, -2.186732670610411, 0.001380971322030639, -2.859815340113016
0.006515200000000082, -2.1860722480153676, 0.0013658910488563278, -2.864583941040704
0.006525100000000082, -2.1854128281865495, 0.001374039513357129, -2.862000778057969
0.006535000000000082, -2.1847544080834314, 0.0013821845892215288, -2.859433953541383
0.006544900000000083, -2.184096984679296, 0.0013903262342667053, -2.85688328239481
0.006554800000000083, -2.183440554961151, 0.0013984644070495279, -2.854348582577184
0.006564700000000083, -2.1827851159296445, 0.0013834006540526668, -2.859052023328874
0.006574600000000083, -2.182130664598985, 0.001391530903998005, -2.856507144136431
0.006584500000000083, -2.1814771979968586, 0.0013833358459776517, -2.8590723691690845
0.0065944000000000835, -2.1808247131643483, 0.0013917232827097476, -2.8564471072102475
0.006604300000000084, -2.1801732071558533, 0.0014001074055247855, -2.853838647294943
0.006614200000000084, -2.17952267703901, 0.001408488170151319, -2.8512467962888426
0.006624100000000084, -2.178873119894612, 0.0013936461205282641, -2.8558474898052015
0.006634000000000084, -2.178224532816531, 0.0014020187911010875, -2.853246165529973
0.0066439000000000845, -2.1775769129116407, 0.001410388091270992, -2.8506613676947876
0.006653800000000085, -2.176930257299738, 0.0014187539771504136, -2.848092908016418
0.006663700000000085, -2.176284563113466, 0.0014039306332130292, -2.852654349725469
0.006673600000000085, -2.1756398274982383, 0.0013978871195650501, -2.8545278967801058
0.006683500000000085, -2.174996047612163, 0.0014065065661525095, -2.85185823602836
0.006693400000000085, -2.1743532206259673, 0.0014151227971122254, -2.8492058726525467
0.006703300000000086, -2.1737113437229234, 0.0014237357651205194, -2.8465706050800175
0.006713200000000086, -2.173070414098775, 0.0014091324752951468, -2.851048176099176
0.006723100000000086, -2.172430428961662, 0.0014177370936683802, -2.8484042976121398
0.006733000000000086, -2.171791385532049, 0.0014263384361125882, -2.845777414528152
0.006742900000000086, -2.1711532810426526, 0.0014349364558492656, -2.8431673306268923
0.0067528000000000865, -2.1705161127383685, 0.0014203498078273489, -2.847604683152148
0.006762700000000087, -2.1698798778762023, 0.001439701937402583, -2.84172741091874
0.006772600000000087, -2.1692445737251966, 0.0014253094399231338, -2.846090838489175
0.006782500000000087, -2.1686101975663608, 0.0014341589381374848, -2.843402716080288
0.006792400000000087, -2.1679767466926028, 0.0014430052572529434, -2.8407320866530172
0.0068023000000000874, -2.167344218408658, 0.0014286329521142498, -2.845079336882385
0.006812200000000088, -2.1667126100310226, 0.0014374707407677745, -2.8424009864661053
0.006822100000000088, -2.166081918887882, 0.0014463053358826875, -2.839740011543211
0.006832000000000088, -2.1654521423190456, 0.0014551366881828563, -2.837096209334196
0.006841900000000088, -2.1648232776758802, 0.0014407790626482736, -2.8414026112951234
0.006851800000000088, -2.16419532232124, 0.0014390382150254702, -2.8419276728081364
0.0068617000000000886, -2.163568273629402, 0.0014481254463589058, -2.839193815002381
0.006871600000000089, -2.162942128986001, 0.0014572096193432185, -2.8364779705526235
0.006881500000000089, -2.162316885787964, 0.001466290681818365, -2.8337799253322493
0.006891400000000089, -2.1616925414434425, 0.0014521421313247805, -2.8379908741117243
0.006901300000000089, -2.1610690933717516, 0.0014612145520823188, -2.8352860113454335
0.0069112000000000895, -2.160446539003304, 0.0014702838459064516, -2.8325988143600553
0.00692110000000009, -2.1598248757795475, 0.0014561537200392788, -2.8367927759564164
0.00693100000000009, -2.1592041011529006, 0.0014652142544965784, -2.834098864905737
0.00694090000000009, -2.158584212586691, 0.0014742716456452789, -2.831422487077176
0.00695080000000009, -2.1579652075550944, 0.0014749531076893565, -2.831221786733601
0.00696070000000009, -2.1573470835430686, 0.0014610331463893796, -2.8353399311357177
0.006970600000000091, -2.1567298380462967, 0.0014703478324168554, -2.8325799143471135
0.006980500000000091, -2.156113468571125, 0.0014796595486322038, -2.829838198901679
0.006990400000000091, -2.155497972634501, 0.0014889682400059062, -2.827114565738277
0.007000300000000091, -2.154883347763915, 0.0014750594295132814, -2.8311904817944704
0.007010200000000091, -2.1542695914973398, 0.001484359288187188, -2.8284609656396915
0.0070201000000000915, -2.153656701383171, 0.001493656103370075, -2.825749382173039
0.007030000000000092, -2.1530446749801704, 0.0014797640843241932, -2.8298075177422084
0.007039900000000092, -2.152433509857405, 0.0014890519595557614, -2.827090147543569
0.007049800000000092, -2.1518232035941907, 0.0014920868683439407, -2.8262058917801065
0.007059700000000092, -2.151213753780034, 0.0015016395197165737, -2.8234343105991604
0.0070696000000000925, -2.1506051580145757, 0.0014879522904422396, -2.827410993742995
0.007079500000000093, -2.1499974139075335, 0.0014974960563906444, -2.824634312638175
0.007089400000000093, -2.1493905190786453, 0.0015070369186781507, -2.821876108414096
0.007099300000000093, -2.1487844711576143, 0.0014933650916165674, -2.8258340048060013
0.007109200000000093, -2.148179267784053, 0.001502896970823595, -2.8230707908944432
0.007119100000000093, -2.147574906607428, 0.0015124259250942874, -2.8203258868312604
0.007129000000000094, -2.1469713852870047, 0.0015219518972298537, -2.817599073648082
0.007138900000000094, -2.1463687014917943, 0.0015082892546343886, -2.8215153629455836
0.007148800000000094, -2.145766852900498, 0.0015136804420233035, -2.819965800472857
0.007158700000000094, -2.1451658372014553, 0.001523466937256756, -2.8171669665300887
0.007168600000000094, -2.144565652092589, 0.0015100103956002201, -2.8210200628152604
0.0071785000000000945, -2.1439662952813525, 0.0015197879156990833, -2.818217013021012
0.007188400000000095, -2.1433677644846787, 0.001529562632821738, -2.815432734742106
0.007198300000000095, -2.142770057428927, 0.0015161200345511709, -2.819266413295311
0.007208200000000095, -2.14217317184983, 0.0015258856881044012, -2.8164780003818
0.007218100000000095, -2.141577105492445, 0.0015356485143645812, -2.8137081760623093
0.0072280000000000955, -2.1409818561111, 0.001522219738111476, -2.8175226510076063
0.007237900000000096, -2.140387421469345, 0.0015319734125264575, -2.8147487718399975
0.007247800000000096, -2.1397937993399, 0.0015397265649708819, -2.812556397259648
0.007257700000000096, -2.139200987504607, 0.0015264998348656035, -2.8163032383466238
0.007267600000000096, -2.1386089837543776, 0.0015365157095108433, -2.813462995108875
0.007277500000000096, -2.138017785889146, 0.0015465289211867876, -2.810641953970283
0.007287400000000097, -2.137427391717818, 0.0015333147938345912, -2.814368674114617
0.007297300000000097, -2.1368377990582235, 0.001543318888738435, -2.8115443284342456
0.007307200000000097, -2.136249005737069, 0.0015533202928669505, -2.8087389840123
0.007317100000000097, -2.1356610095898865, 0.0015633189431093334, -2.805952409631641
0.007327000000000097, -2.1350738084609886, 0.0015501108546793587, -2.809637242569046
0.0073369000000000975, -2.1344874002034206, 0.0015601003438238709, -2.8068474674356008
0.007346800000000098, -2.1339017826789113, 0.0015700870515651434, -2.804076267994391
0.007356700000000098, -2.1333169537578294, 0.0015572139249519338, -2.807651721379032
0.007366600000000098, -2.1327329113191347, 0.0015674675343250136, -2.804801445591035
0.007376500000000098, -2.1321496532503326, 0.0015544755519274424, -2.808416103949834
0.0073864000000000984, -2.1315671774474283, 0.0015647200489862924, -2.805563352722084
0.007396300000000099, -2.130985481814882, 0.0015749619695220535, -2.802729928621127
0.007406200000000099, -2.1304045642655627, 0.0015619811902486504, -2.8063242003053275
0.007416100000000099, -2.1298244227207026, 0.0015722139266524898, -2.803488361067848
0.007426000000000099, -2.129245055109854, 0.0015824440550818706, -2.8006716348642966
0.007435900000000099, -2.1286664593708453, 0.0015694743603954454, -2.80424577472643
0.0074458000000000996, -2.1280886334497344, 0.001579695232923483, -2.8014266924295055
0.0074557000000001, -2.127511575300768, 0.0015899134661196963, -2.798626512289238
0.0074656000000001, -2.1269352828863357, 0.0015796011532647318, -2.8014525578575458
0.0074755000000001, -2.1263597541769284, 0.0015900881694187598, -2.79857879364785
0.0074854000000001, -2.125784987151094, 0.0015773292135200076, -2.8020776530925082
0.0074953000000001005, -2.1252109797953977, 0.001587807074285297, -2.799202267439987
0.007505200000000101, -2.1246377301043755, 0.0015982824814715503, -2.7963464607526833
0.007515100000000101, -2.124065236080495, 0.001585533441589087, -2.7998245935331756
0.007525000000000101, -2.123493495734113, 0.0015959996289189459, -2.7969672139617763
0.007534900000000101, -2.1229225070834348, 0.0016064633271341174, -2.794129184214597
0.007544800000000101, -2.122352268154471, 0.0015937240890457382, -2.797586862975496
0.007554700000000102, -2.1217827769809974, 0.0016041785029247823, -2.794747307796276
0.007564600000000102, -2.1212140316045156, 0.001614630392321585, -2.7919268770146664
0.007574500000000102, -2.120646030074212, 0.0016019008423229023, -2.7953643702522766
0.007584400000000102, -2.120078770446915, 0.0015943508379996166, -2.797416105623838
0.007594300000000102, -2.1195122507870603, 0.0016050666877060631, -2.7945069187101477
0.0076042000000001025, -2.118946469166646, 0.001615780248815905, -2.791617704957594
0.007614100000000103, -2.1183814236651974, 0.0016032624186186342, -2.7949953874209164
0.007624000000000103, -2.1178171123697243, 0.0016139667510428916, -2.792105416322335
0.007633900000000103, -2.1172535333746847, 0.0016246687546174355, -2.7892351717349815
0.007643800000000103, -2.116690684781946, 0.0016121595410354976, -2.7925919821569556
0.0076537000000001035, -2.116128564700745, 0.0016228522582259748, -2.7897210158224333
0.007663600000000104, -2.115567171247651, 0.0016335426065797812, -2.786869533633491
0.007673500000000104, -2.115006502546529, 0.0016210419016663873, -2.7902057591013305
0.007683400000000104, -2.1144465567284993, 0.0016317229058574988, -2.787353589867942
0.007693300000000104, -2.113887331931902, 0.0016267307724425549, -2.7886843178176806
0.007703200000000104, -2.11332882630226, 0.001637684766994045, -2.785769690567218
0.007713100000000105, -2.1127710379922413, 0.0016253915268580003, -2.7890420085480008
0.007723000000000105, -2.1122139651616227, 0.0016363363387970054, -2.7861274249491332
0.007732900000000105, -2.1116576059772534, 0.0016472789537017329, -2.783232850256441
0.007742800000000105, -2.111101958613019, 0.001634993217937487, -2.78648404448286
0.007752700000000105, -2.1105470212498045, 0.0016459265984136307, -2.783589536447397
0.0077626000000001055, -2.10999279207546, 0.001656857737262601, -2.7807147797968566
0.007772500000000106, -2.1094392692847648, 0.0016445794047922875, -2.783945152749525
0.007782400000000106, -2.1088864510793908, 0.0016555012572557774, -2.781070485090687
0.007792300000000106, -2.1083343356678697, 0.0016664208238783957, -2.7782153160085983
0.007802200000000106, -2.1077829212655557, 0.001654149793850068, -2.781425164857921
0.0078121000000001065, -2.1072322060945936, 0.001665060021991504, -2.778570106452038
0.007822000000000107, -2.106682188383882, 0.0016631047017147702, -2.7790804086604552
0.007831900000000107, -2.1061328663690406, 0.0016510435249649886, -2.782241477674238
0.007841800000000107, -2.1055842382923746, 0.0016622221587606534, -2.7793109324917036
0.007851700000000107, -2.105036302402844, 0.0016733987250102664, -2.7764005662462172
0.007861600000000107, -2.104489056956026, 0.0016613439298236831, -2.779540451014811
0.007871500000000108, -2.103942500214086, 0.0016725112845758525, -2.776630943328456
0.007881400000000108, -2.103396630445741, 0.0016836765223118876, -2.773741343994004
0.007891300000000108, -2.1028514459262277, 0.0016716280159401135, -2.776860358833606
0.007901200000000108, -2.102306944937271, 0.0016827839954151728, -2.773971627113758
0.007911100000000108, -2.101763125767051, 0.0016707488529111101, -2.77708882837847
0.007921000000000109, -2.1012199867101686, 0.0016818954986678586, -2.774200991749644
0.007930900000000109, -2.1006775260676167, 0.0016930400069634175, -2.7713327792814
0.007940800000000109, -2.1001357421467457, 0.0016705946040421074, -2.777128925682778
0.007950700000000109, -2.0995946332612343, 0.0016820117717298907, -2.7741709690735146
0.00796060000000011, -2.0990541977310553, 0.0016934270450306307, -2.771233508569458
0.00797050000000011, -2.098514433882446, 0.0016816030043449188, -2.7742765254064286
0.00798040000000011, -2.0979753400478764, 0.0016930091146511264, -2.771340703774093
0.00799030000000011, -2.097436914566019, 0.0017044132754548197, -2.768425091794795
0.00800020000000011, -2.096899155781718, 0.0016925944913156127, -2.7714470769048782
0.00801010000000011, -2.0963620620459564, 0.0017039894470773113, -2.7685330991762926
0.00802000000000011, -2.0958256317158304, 0.0016921831061870451, -2.7715526450180006
0.00802990000000011, -2.095289863154515, 0.0017035687879401258, -2.7686403254834424
0.00803980000000011, -2.0947547547312357, 0.001714952492441706, -2.7657479062662196
0.008049700000000111, -2.094220304821239, 0.0017031512294571546, -2.768746787620048
0.008059600000000111, -2.0936865118057617, 0.0017145256179226251, -2.765856021403913
0.008069500000000111, -2.0931533740720027, 0.0017182930335061172, -2.764902770666269
0.008079400000000111, -2.092620890013093, 0.0017066930934985956, -2.767844568975224
0.008089300000000112, -2.0920890580280673, 0.001718340743186352, -2.764890712325342
0.008099200000000112, -2.0915578765218337, 0.0017067524256598984, -2.767829471250587
0.008109100000000112, -2.091027343905147, 0.0017183909464506513, -2.7648780241072153
0.008119000000000112, -2.0904974585945784, 0.0017300276744363489, -2.761946949611745
0.008128900000000112, -2.089968219012489, 0.0017184435726866677, -2.764864723912644
0.008138800000000113, -2.0894396235869985, 0.0017300711337179023, -2.761936040023774
0.008148700000000113, -2.088911670751961, 0.0017416968418867767, -2.7590274356391196
0.008158600000000113, -2.0883843589469353, 0.0017301168828371724, -2.761924555913687
0.008168500000000113, -2.087857686617156, 0.0017417333857117964, -2.7590183234821266
0.008178400000000113, -2.0873316522135084, 0.0017301648517081265, -2.761912514919596
0.008188300000000114, -2.086806254192499, 0.0017417720867078411, -2.7590086736456843
0.008198200000000114, -2.0862814910162317, 0.001725245916609559, -2.7631489918286642
0.008208100000000114, -2.085757361152375, 0.0017371306736131578, -2.7601675110321393
0.008218000000000114, -2.0852338630741416, 0.0017490138169586793, -2.7572067596435597
0.008227900000000114, -2.0847109952602567, 0.0017376533462807023, -2.760036858965266
0.008237800000000114, -2.084188756194935, 0.00174952744692534, -2.7570792398317074
0.008247700000000115, -2.083667144367851, 0.0017613998677750377, -2.754142040594468
0.008257600000000115, -2.0831461582741175, 0.0017500426718878056, -2.7569513616340102
0.008267500000000115, -2.0826257964142534, 0.0017619060149720908, -2.754017261796635
0.008277400000000115, -2.0821060572941636, 0.0017505594207578958, -2.7568231430141843
0.008287300000000115, -2.0815869394251094, 0.0017624136290838915, -2.7538921573614643
0.008297200000000116, -2.0810684413236844, 0.0017742661141863616, -2.750981241744877
0.008307100000000116, -2.0805505615117896, 0.001762922639253041, -2.753766745036282
0.008317000000000116, -2.080033298516607, 0.0017747659544114587, -2.75085891100859
0.008326900000000116, -2.0795166508705742, 0.0017634329748744116, -2.7536410424866364
0.008336800000000116, -2.0790006171113613, 0.0017733155483929724, -2.751213978029986
0.008346700000000117, -2.0784851957818447, 0.0017621831728670716, -2.753948950163054
0.008356600000000117, -2.0779703854300817, 0.0017742977276975543, -2.7509735036434493
0.008366500000000117, -2.0774561846092876, 0.0017631752188811958, -2.753704526718272
0.008376400000000117, -2.0769425918778106, 0.0017752807883245254, -2.750732946735265
0.008386300000000117, -2.0764296057991074, 0.0017873848546695304, -2.7477819263617675
0.008396200000000117, -2.075917224941719, 0.0017762646590949213, -2.750492324919357
0.008406100000000118, -2.075405447879247, 0.0017883597076768208, -2.7475451234890564
0.008416000000000118, -2.07489427319033, 0.00177724926904279, -2.7502516557187984
0.008425900000000118, -2.0743836994586196, 0.0017893352480810526, -2.74730828282479
0.008435800000000118, -2.073873725272756, 0.0018014196717525083, -2.7443850990104273
0.008445700000000118, -2.0733643492263467, 0.0017903114051364575, -2.7470714216626635
0.008455600000000119, -2.0728555699179414, 0.001802386726715697, -2.744152019539527
0.008465500000000119, -2.07234738595101, 0.001791288108318328, -2.7468345572051693
0.008475400000000119, -2.0718397959339176, 0.001804328838125565, -2.7436843096051544
0.00848530000000012, -2.0713327984799053, 0.0017934271224613358, -2.7463162665798504
0.00849520000000012, -2.070826392207063, 0.0018057765847286225, -2.7433359827166224
0.00850510000000012, -2.070320575738311, 0.001794883902048509, -2.745963637520387
0.00851500000000012, -2.069815347701374, 0.0018072244851471588, -2.7429878980171623
0.00852490000000012, -2.069310706728762, 0.0018195636924753838, -2.740032737655948
0.00853480000000012, -2.0688066514577446, 0.0018086724688594355, -2.7426400720819983
0.00854470000000012, -2.0683031805303327, 0.001821002766376248, -2.739689394446142
0.00855460000000012, -2.0678002925932533, 0.00181012046553212, -2.7422925213877622
0.00856450000000012, -2.067297986297929, 0.001822441806265601, -2.7393463305662213
0.00857440000000012, -2.0667962603004573, 0.0018347617104749155, -2.7364203317093225
0.008584300000000121, -2.066295113261587, 0.0018238807420161496, -2.739003562267234
0.008594200000000121, -2.0657945438466983, 0.0018361916585960712, -2.736081989841475
0.008604100000000121, -2.0652945507257807, 0.0018253195036929014, -2.738661105702896
0.008614000000000122, -2.0647951325734124, 0.0018376213857876366, -2.735743963570803
0.008623900000000122, -2.0642962880687388, 0.0018308494363184138, -2.7373473693327726
0.008633800000000122, -2.063798015895451, 0.001820186711660813, -2.7398840605396892
0.008643700000000122, -2.0633003147417663, 0.0018327672640269272, -2.73689268090041
0.008653600000000122, -2.0628031833004066, 0.001845346612788381, -2.7339220479964133
0.008663500000000122, -2.0623066202685774, 0.001834684553574705, -2.7364385954001333
0.008673400000000123, -2.061810624347949, 0.0018472551254293925, -2.7334731197657516
0.008683300000000123, -2.0613151942446333, 0.0018366012356844587, -2.7359851278210683
0.008693200000000123, -2.0608203286691666, 0.0018491629879422342, -2.733024807800102
0.008703100000000123, -2.060326026336488, 0.001861723466455733, -2.7300848270664253
0.008713000000000123, -2.059832285965919, 0.0018510701312388833, -2.7325771268802255
0.008722900000000124, -2.059339106281144, 0.0018636217605609363, -2.7296422271590157
0.008732800000000124, -2.058846486010191, 0.0018529764863993348, -2.7321300916858573
0.008742700000000124, -2.058354423885412, 0.001865519223929646, -2.729200271252716
0.008752600000000124, -2.0578629186434614, 0.0018548819846773157, -2.731683716794954
0.008762500000000124, -2.057371969025279, 0.001867415787830107, -2.7287589738259874
0.008772400000000125, -2.0568815737760695, 0.001863999470021762, -2.7295542154620036
0.008782300000000125, -2.056391731645284, 0.001853567468504182, -2.731991601344269
0.008792200000000125, -2.0559024413866, 0.0018663830533654953, -2.7289992175615314
0.008802100000000125, -2.0554137017579017, 0.0018791975678215268, -2.726027558321965
0.008812000000000125, -2.054925511521264, 0.001868765466675, -2.728445199916079
0.008821900000000125, -2.05443786944293, 0.001881571333273042, -2.725479312257958
0.008831800000000126, -2.0539507742932956, 0.001871146642240428, -2.727892175396716
0.008841700000000126, -2.0534642248468877, 0.0018839438221436486, -2.724932051700666
0.008851600000000126, -2.052978219882349, 0.0018735265125027797, -2.7273401567723776
0.008861500000000126, -2.052492758182417, 0.0018863149668941965, -2.7243857893487458
0.008871400000000126, -2.0520078385339064, 0.0018991022815591726, -2.7214516444675447
0.008881300000000127, -2.0515234597276923, 0.0018886847001359916, -2.723840537800955
0.008891200000000127, -2.05103962055869, 0.0019014632602538406, -2.720912061534634
0.008901100000000127, -2.050556319825838, 0.001891052954635381, -2.7232963095558422
0.008911000000000127, -2.0500735563320815, 0.001903822721447724, -2.7203734943346842
0.008920900000000127, -2.0495913288843517, 0.001893419663308798, -2.7227531170136325
0.008930800000000128, -2.0491096362935495, 0.0018935540841465228, -2.7227222859427065
0.008940700000000128, -2.0486284773745296, 0.0019066088578895486, -2.719738393626034
0.008950600000000128, -2.04814785094608, 0.0018964068208528358, -2.7220684913126774
0.008960500000000128, -2.0476677558309064, 0.0019094531021961285, -2.7190910038041767
0.008970400000000128, -2.047188190855615, 0.0018992577881134431, -2.721416084048196
0.008980300000000128, -2.046709154850695, 0.0019122955415927948, -2.7184449874970897
0.008990200000000129, -2.0462306466505, 0.0019021069201573357, -2.7207650743969087
0.009000100000000129, -2.0457526650932336, 0.0019151361103270843, -2.7178003549259775
0.009010000000000129, -2.045275209020931, 0.0019049541513485604, -2.7201154725111656
0.00901990000000013, -2.0447982772794413, 0.0019179747427797227, -2.7171571162183366
0.00902980000000013, -2.0443218687184137, 0.0019309943656601468, -2.714218993422199
0.00903970000000013, -2.043845982191277, 0.0019208113734684553, -2.7165152814079394
0.00904960000000013, -2.043370616555226, 0.0019338223686200613, -2.7135834205689737
0.00905950000000013, -2.0428957706712043, 0.0019236459370479185, -2.715874860435714
0.00906940000000013, -2.042421443403887, 0.0019366482690774392, -2.7129492479796413
0.00907930000000013, -2.0419476336216658, 0.0019264783683073526, -2.7152358631511073
0.00908920000000013, -2.041474340196631, 0.0019394720018391539, -2.7123164854810558
0.00909910000000013, -2.041001562004557, 0.0019201979373925876, -2.7166540011471816
0.009109000000000131, -2.040529297924887, 0.0019334811159953931, -2.7136600652557963
0.009118900000000131, -2.040057546840713, 0.0019467635316908552, -2.7106867978989286
0.009128800000000131, -2.039586307638766, 0.0019367968900540463, -2.7129159209194067
0.009138700000000131, -2.039115579209394, 0.0019500709337757368, -2.709949590900513
0.009148600000000132, -2.038645360446552, 0.0019401102934940631, -2.712173580124256
0.009158500000000132, -2.0381756502477817, 0.001953375932725314, -2.709214167466519
0.009168400000000132, -2.037706447514199, 0.0019434212627659135, -2.7114330500103216
0.009178300000000132, -2.037237751150477, 0.0019566784650052863, -2.708480534764428
0.009188200000000132, -2.036769560064833, 0.0019467297344432101, -2.7106943376362045
0.009198100000000133, -2.0363018731690077, 0.001959978467202932, -2.70774869988144
0.009208000000000133, -2.0358346893782584, 0.0019500356452198232, -2.7099574499806676
0.009217900000000133, -2.035368007611336, 0.0019632758760267086, -2.7070186698254397
0.009227800000000133, -2.034901826790475, 0.00197651525450072, -2.704099829476881
0.009237700000000133, -2.0344361458413758, 0.001966570628304701, -2.7062904515261996
0.009247600000000133, -2.033970963693192, 0.001979801475234092, -2.7033783564722973
0.009257500000000134, -2.0335062792785137, 0.0019698626609890068, -2.705564051835272
0.009267400000000134, -2.033042091533354, 0.0019775906647487066, -2.703863596681131
0.009277300000000134, -2.032578399397133, 0.0019678528805926916, -2.706007373148115
0.009287200000000134, -2.032115201812667, 0.0019813684893444255, -2.7030347480824686
0.009297100000000134, -2.031652497726148, 0.001971636081894504, -2.7051732426453854
0.009307000000000135, -2.0311902860871354, 0.0019851434706245593, -2.7022081003623666
0.009316900000000135, -2.0307285658485372, 0.0019754164085438253, -2.704341343140846
0.009326800000000135, -2.0302673359665975, 0.001988915547235068, -2.701383657372534
0.009336700000000135, -2.029806595400884, 0.0019791937992828233, -2.703511678336151
0.009346600000000135, -2.02934634311427, 0.001992684657926765, -2.700561422904134
0.009356500000000136, -2.0288865780729246, 0.001982968192958689, -2.7026842518730194
0.009366400000000136, -2.028427299246296, 0.0019964507415604345, -2.6997414006874743
0.009376300000000136, -2.0279685056070975, 0.001986739528528383, -2.701859067333002
0.009386200000000136, -2.027510196131297, 0.0020002137371023295, -2.6989235943937966
0.009396100000000136, -2.0270523697980987, 0.0020136872392159813, -2.696007982059718
0.009406000000000136, -2.026595025589933, 0.002003973583626669, -2.6981080076355224
0.009415900000000137, -2.0261381624924413, 0.0020174387150410007, -2.695199649232298
0.009425800000000137, -2.0256817794944624, 0.0020077302203157627, -2.697294643967019
0.009435700000000137, -2.0252258755880206, 0.0019959433893818614, -2.6998517806978115
0.009445600000000137, -2.02477044976831, 0.002009697537144626, -2.696869299710541
0.009455500000000137, -2.0243155010336835, 0.0020001989937699955, -2.6989267955374325
0.009465400000000138, -2.023861028385638, 0.0020139451048483328, -2.6959523714121763
0.009475300000000138, -2.023407030828802, 0.0020044513094775, -2.6980044888183343
0.009485200000000138, -2.022953507370922, 0.002018189355920804, -2.6950380886573306
0.009495100000000138, -2.02250045702285, 0.002008700277561478, -2.69708486042048
0.009505000000000138, -2.022047878798532, 0.0020224302314272497, -2.694126451485177
0.009514900000000139, -2.0215957717149897, 0.00203615967488598, -2.6911881677877503
0.009524800000000139, -2.0211441347923156, 0.0020266676725239486, -2.6932174599017835
0.009534700000000139, -2.020692967053653, 0.002040388991100419, -2.690287028366315
0.009544600000000139, -2.0202422675251888, 0.002030901620468903, -2.69231111387846
0.00955450000000014, -2.019792035236137, 0.002044614786231711, -2.6893885028021534
0.00956440000000014, -2.019342269218728, 0.0020351320166100174, -2.691407413354922
0.00957430000000014, -2.018892968508197, 0.0020488370016380993, -2.688492591186376
0.00958420000000014, -2.0184441321427684, 0.002039358802392756, -2.690506358238265
0.00959410000000014, -2.017995759163647, 0.002053055578772587, -2.68759929357752
0.00960400000000014, -2.017547848615004, 0.0020435819193582237, -2.6896079484039888
0.00961390000000014, -2.0171003995439643, 0.0020572704591863816, -2.6867086100014284
0.00962380000000014, -2.0166534110005947, 0.0020497222560782948, -2.6883049832489223
0.00963370000000014, -2.0162068820378938, 0.0020404544941239854, -2.690273086345854
0.009643600000000141, -2.0157608117117767, 0.0020544362838747806, -2.68730732336813
0.009653500000000141, -2.015315199081065, 0.002045172675535396, -2.6892700182843776
0.009663400000000141, -2.0148700432074746, 0.002059146583412202, -2.686312736382879
0.009673300000000142, -2.014425343155603, 0.002049887098436164, -2.6882700579083574
0.009683200000000142, -2.01398109799292, 0.0020638530981469364, -2.6853212183503774
0.009693100000000142, -2.0135373067897513, 0.0020545977063570336, -2.687273201044732
0.009703000000000142, -2.0130939686192724, 0.002068555771619667, -2.6843327653267757
0.009712900000000142, -2.0126510825574933, 0.002059304442918023, -2.686279443520155
0.009722800000000142, -2.012208647683247, 0.002073254547454554, -2.683347373367682
0.009732700000000143, -2.0117666630781805, 0.0020640072518189364, -2.685288781163327
0.009742600000000143, -2.0113251278267406, 0.0020779493693596765, -2.682365038528403
0.009752500000000143, -2.0108840410161646, 0.0020687060768452836, -2.6843012098040626
0.009762400000000143, -2.0104434017364676, 0.0020826401811262878, -2.681385756864428
0.009772300000000143, -2.0100032090804314, 0.0020965738663652114, -2.6784898319536223
0.009782200000000144, -2.0095634621435945, 0.0020873269266326426, -2.6804095244309543
0.009792100000000144, -2.0091241600242395, 0.0021012525643847196, -2.677521743535838
0.009802000000000144, -2.008685301823383, 0.0020920095498410006, -2.6794363372838346
0.009811900000000144, -2.0082468866447627, 0.0020885969196715406, -2.6801453668427637
0.009821800000000144, -2.0078089135948303, 0.0020795633970967357, -2.682027835294434
0.009831700000000144, -2.007371381782736, 0.0020937787654803776, -2.679069209002444
0.009841600000000145, -2.006934290320321, 0.0020847488293843494, -2.680946261353644
0.009851500000000145, -2.006497638322105, 0.0020989565021305038, -2.677996561455922
0.009861400000000145, -2.0060614249052753, 0.002089930123398316, -2.679868234238154
0.009871300000000145, -2.0056256491896782, 0.0021041300754731014, -2.676927415985005
0.009881200000000145, -2.005190310297805, 0.002095107225058591, -2.6787937454615904
0.009891100000000146, -2.004755407354785, 0.002109299431438768, -2.675861764408957
0.009901000000000146, -2.0043209394883714, 0.002100280080358316, -2.6777227865787747
0.009910900000000146, -2.003886905828934, 0.002114464516029079, -2.674799598586162
0.009920800000000146, -2.0034533055094466, 0.0021054486353643876, -2.676655349185495
0.009930700000000146, -2.003020137665477, 0.002119625275320032, -2.673740910413336
0.009940600000000147, -2.002587401435178, 0.002110612836219708, -2.67559142491794
0.009950500000000147, -2.0021550959592758, 0.0021247816554629396, -2.672685691825259
0.009960400000000147, -2.0017232203810593, 0.0021157726291419062, -2.674531005452861
0.009970300000000147, -2.0012917738463716, 0.0021299336026852347, -2.671633934794534
0.009980200000000147, -2.000860755503598, 0.0021209279604212875, -2.673474082507882
0.009990100000000147, -2.0004301645036584, 0.0021350810632838556, -2.670585631332855
