1.0E-4, 0.377375, 0.0, 0.3773995250000128, 0.0, 2.452500001276503E-5
1.099E-4, 0.3773979265067375, 0.0, 0.3774248819075322, 0.0, 2.6955400794725914E-5
1.198E-4, 0.37739802839788883, 0.0, 0.3774274120039647, 0.0, 2.938360607585011E-5
1.297E-4, 0.37743776295507325, 0.0, 0.37746957971784034, 0.0, 3.181676276708956E-5
1.396E-4, 0.37739904730724444, 0.0, 0.37743328743916493, 0.0, 3.4240131920493244E-5
1.495E-4, 0.37741448330393434, 0.0, 0.37745115386196104, 0.0, 3.667055802669683E-5
1.594E-4, 0.37739425839915397, 0.0, 0.3774333542045564, 0.0, 3.909580540245594E-5
1.693E-4, 0.37743215972517397, 0.0, 0.3774736898674409, 0.0, 4.15301422669323E-5
1.792E-4, 0.37744998777192446, 0.0, 0.3774939495104545, 0.0, 4.39617385300517E-5
1.891E-4, 0.3774613461578123, 0.0, 0.37750773865455106, 0.0, 4.639249673876744E-5
1.9899999999999999E-4, 0.3774193227874054, 0.0, 0.3774681360294516, 0.0, 4.88132420461973E-5
2.0889999999999998E-4, 0.3774293071261738, 0.0, 0.3774805507740174, 0.0, 5.12436478435907E-5
2.1879999999999998E-4, 0.3774650642678333, 0.0, 0.37751874394222634, 0.0, 5.367967439307009E-5
2.2869999999999998E-4, 0.37746002188682326, 0.0, 0.37751612928420114, 0.0, 5.6107397377880286E-5
2.3859999999999997E-4, 0.3774287977302579, 0.0, 0.37748732673896, 0.0, 5.8529008702123964E-5
2.4849999999999997E-4, 0.37749241368961234, 0.0, 0.3775533864100773, 0.0, 6.097272046495794E-5
2.584E-4, 0.377377037992152, 0.0, 0.37744041109913246, 0.0, 6.337310698045773E-5
2.683E-4, 0.3774316503347517, 0.0, 0.3774974655438056, 0.0, 6.581520905390992E-5
2.7820000000000004E-4, 0.3774787138673231, 0.0, 0.37754697020000033, 0.0, 6.825633267720788E-5
2.8810000000000006E-4, 0.37744713536520036, 0.0, 0.3775178119001453, 0.0, 7.067653494491344E-5
2.980000000000001E-4, 0.3773974170503921, 0.0, 0.37747050798184995, 0.0, 7.309093145785317E-5
3.079000000000001E-4, 0.3773900807702436, 0.0, 0.37746559771556376, 0.0, 7.551694532015318E-5
3.1780000000000014E-4, 0.3774856402602506, 0.0, 0.3775636145675694, 0.0, 7.797430731881771E-5
3.2770000000000016E-4, 0.3774107644827965, 0.0, 0.377491144191516, 0.0, 8.03797087195468E-5
3.376000000000002E-4, 0.3775396191632334, 0.0, 0.3776224690828244, 0.0, 8.284991959095489E-5
3.475000000000002E-4, 0.37740174739805954, 0.0, 0.3774869807216219, 0.0, 8.523332356236146E-5
3.5740000000000023E-4, 0.3773763246966843, 0.0, 0.3774639775024839, 0.0, 8.765280579958734E-5
3.6730000000000025E-4, 0.3775087608757284, 0.0, 0.37759888851092643, 0.0, 9.012763519805622E-5
3.772000000000003E-4, 0.3774601746876607, 0.0, 0.3775527139224518, 0.0, 9.253923479113357E-5
3.871000000000003E-4, 0.3774428566974315, 0.0, 0.3775378182634385, 0.0, 9.496156600702355E-5
3.970000000000003E-4, 0.37748706625980016, 0.0, 0.3775844733500585, 0.0, 9.740709025835015E-5
4.0690000000000035E-4, 0.3774158078029473, 0.0, 0.3775156160146544, 0.0, 9.980821170707532E-5
4.168000000000004E-4, 0.37745650744320025, 0.0, 0.37755876035366104, 0.0, 1.0225291046078722E-4
4.267000000000004E-4, 0.3774220736122289, 0.0, 0.37752674112621265, 0.0, 1.0466751398374718E-4
4.366000000000004E-4, 0.3775500062910993, 0.0, 0.37765715602383404, 0.0, 1.0714973273473483E-4
4.4650000000000044E-4, 0.37741575686080026, 0.0, 0.3775252785064684, 0.0, 1.0952164566813138E-4
4.5640000000000047E-4, 0.37748421425301015, 0.0, 0.3775961943495062, 0.0, 1.119800964960449E-4
4.663000000000005E-4, 0.3775481223815494, 0.0, 0.37766256019851496, 0.0, 1.1443781696557354E-4
4.762000000000005E-4, 0.37738009495095026, 0.0, 0.3774968853367004, 0.0, 1.1679038575013179E-4
4.8610000000000054E-4, 0.3774753015335066, 0.0, 0.3775945645057697, 0.0, 1.1926297226311222E-4
4.960000000000006E-4, 0.3776113023973123, 0.0, 0.3777330592829403, 0.0, 1.2175688562804377E-4
5.059000000000005E-4, 0.3775456783707693, 0.0, 0.37766983349880606, 0.0, 1.2415512803676254E-4
5.158000000000005E-4, 0.3775410448716222, 0.0, 0.3776676272995922, 0.0, 1.2658242796997898E-4
5.257000000000005E-4, 0.3776125241020453, 0.0, 0.3777415722910194, 0.0, 1.290481889740791E-4
5.356000000000004E-4, 0.3775025480455717, 0.0, 0.3776339697286152, 0.0, 1.3142168304347557E-4
5.455000000000004E-4, 0.37748884874842153, 0.0, 0.3776226924248252, 0.0, 1.3384367640367767E-4
5.554000000000004E-4, 0.3775865616607132, 0.0, 0.3777228866755075, 0.0, 1.3632501479432513E-4
5.653000000000004E-4, 0.3775229683565825, 0.0, 0.37766168873131306, 0.0, 1.3872037473056098E-4
5.752000000000003E-4, 0.37759093981987213, 0.0, 0.37773212724536215, 0.0, 1.4118742549001917E-4
5.851000000000003E-4, 0.3775076914645475, 0.0, 0.3776512620008446, 0.0, 1.435705362970996E-4
5.950000000000003E-4, 0.3775761759697376, 0.0, 0.377722214999501, 0.0, 1.4603902976340066E-4
6.049000000000002E-4, 0.37750351562708034, 0.0, 0.37765194221036436, 0.0, 1.4842658328401148E-4
6.148000000000002E-4, 0.3776027503059646, 0.0, 0.3777536648633346, 0.0, 1.50914557370041E-4
6.247000000000002E-4, 0.3775709320588989, 0.0, 0.377724257611893, 0.0, 1.533255529940769E-4
6.346000000000001E-4, 0.3774080135403709, 0.0, 0.37756366936074065, 0.0, 1.556558203697489E-4
6.445000000000001E-4, 0.37744224545352806, 0.0, 0.3776003508073173, 0.0, 1.5810535378923962E-4
6.544000000000001E-4, 0.37768866587683203, 0.0, 0.37784935520247814, 0.0, 1.6068932564611282E-4
6.643E-4, 0.37748599676085887, 0.0, 0.37764898733620705, 0.0, 1.629905753481875E-4
6.742E-4, 0.3775056035540591, 0.0, 0.37767103589428264, 0.0, 1.6543234022353692E-4
6.841E-4, 0.37741427953426687, 0.0, 0.37758208093025514, 0.0, 1.6780139598826516E-4
6.94E-4, 0.377565484390822, 0.0, 0.3777358152030446, 0.0, 1.703308122226188E-4
7.038999999999999E-4, 0.37761583285732186, 0.0, 0.37778862760717785, 0.0, 1.7279474985598675E-4
7.137999999999999E-4, 0.37756538256418115, 0.0, 0.3777405728886351, 0.0, 1.7519032445395544E-4
7.236999999999999E-4, 0.3774140757644424, 0.0, 0.37759159041600554, 0.0, 1.775146515631265E-4
7.335999999999998E-4, 0.3775355456683148, 0.0, 0.3777155744869775, 0.0, 1.8002881866269194E-4
7.434999999999998E-4, 0.3775662480893773, 0.0, 0.3777487284042487, 0.0, 1.824803148714471E-4
7.533999999999998E-4, 0.3775062146515187, 0.0, 0.37769108119571715, 0.0, 1.8486654419846982E-4
7.632999999999997E-4, 0.37774402792316275, 0.0, 0.37793149861230546, 0.0, 1.8747068914271026E-4
7.731999999999997E-4, 0.3775076405400974, 0.0, 0.37769736659799874, 0.0, 1.8972605790135155E-4
7.830999999999997E-4, 0.37757917971644256, 0.0, 0.3777713889813675, 0.0, 1.9220926492491408E-4
7.929999999999997E-4, 0.3775700665490454, 0.0, 0.3777646987732224, 0.0, 1.9463222417698267E-4
8.028999999999996E-4, 0.37748029269344135, 0.0, 0.37767728532153366, 0.0, 1.9699262809230733E-4
8.127999999999996E-4, 0.3777236755795147, 0.0, 0.37792328779447726, 0.0, 1.9961221496256343E-4
8.226999999999996E-4, 0.37747769526482416, 0.0, 0.37767954379234536, 0.0, 2.0184852752119786E-4
8.325999999999995E-4, 0.3775749540969001, 0.0, 0.3777793095809301, 0.0, 2.0435548402997217E-4
8.424999999999995E-4, 0.3776016303687373, 0.0, 0.3778084373883188, 0.0, 2.0680701958153413E-4
8.523999999999995E-4, 0.3775577454542855, 0.0, 0.3777669465693571, 0.0, 2.092011150716111E-4
8.622999999999994E-4, 0.37744326419258184, 0.0, 0.377654799943978, 0.0, 2.1153575139615244E-4
8.721999999999994E-4, 0.37770230392940224, 0.0, 0.37791648597831173, 0.0, 2.1418204890949477E-4
8.820999999999994E-4, 0.3774517705105045, 0.0, 0.37766817073888875, 0.0, 2.1640022838426143E-4
8.919999999999993E-4, 0.3775848307405678, 0.0, 0.37780377400127363, 0.0, 2.1894326070581727E-4
9.018999999999993E-4, 0.3776573669358421, 0.0, 0.3778788032116293, 0.0, 2.2143627578719016E-4
9.117999999999993E-4, 0.3776694289183746, 0.0, 0.37789330646132596, 0.0, 2.238775429513895E-4
9.216999999999993E-4, 0.37762102497435807, 0.0, 0.37784729030589637, 0.0, 2.2626533153830009E-4
9.315999999999992E-4, 0.37751212185413185, 0.0, 0.3777407197650192, 0.0, 2.285979108873626E-4
9.414999999999992E-4, 0.3778219628813978, 0.0, 0.3780532712218493, 0.0, 2.3130834045148596E-4
9.513999999999992E-4, 0.37759725238674685, 0.0, 0.37783078688791744, 0.0, 2.3353450117058472E-4
9.612999999999991E-4, 0.37780126047453205, 0.0, 0.37803741410126673, 0.0, 2.3615362673468088E-4
9.711999999999991E-4, 0.3774605821561277, 0.0, 0.37769884898688627, 0.0, 2.3826683075856003E-4
9.81099999999999E-4, 0.37755886557754925, 0.0, 0.3777996540764122, 0.0, 2.4078849886294273E-4
9.90999999999999E-4, 0.3776067209542372, 0.0, 0.3778499848731368, 0.0, 2.4326391889961663E-4
0.001000899999999999, 0.37760417567374976, 0.0, 0.37784986732240106, 0.0, 2.4569164865129167E-4
0.001010799999999999, 0.37755122827930176, 0.0, 0.37779929852520283, 0.0, 2.480702459010664E-4
0.001020699999999999, 0.37744784846976526, 0.0, 0.37769824673819613, 0.0, 2.5039826843087365E-4
0.001030599999999999, 0.37781870757374203, 0.0, 0.37807190282565156, 0.0, 2.531952519095326E-4
0.0010404999999999989, 0.37761970150323704, 0.0, 0.377875129358745, 0.0, 2.5542785550797253E-4
0.0010503999999999989, 0.37790475625869385, 0.0, 0.3781629031009123, 0.0, 2.5814684221842077E-4
0.0010602999999999988, 0.37761008068692803, 0.0, 0.37787035932953544, 0.0, 2.602786426074144E-4
0.0010701999999999988, 0.37780955180553283, 0.0, 0.3780724664384237, 0.0, 2.629146328908538E-4
0.0010800999999999988, 0.37741896619690773, 0.0, 0.3776839064427011, 0.0, 2.6494024579337694E-4
0.0010899999999999987, 0.3775328978629497, 0.0, 0.37780038610289945, 0.0, 2.6748823994976467E-4
0.0010998999999999987, 0.377606466427292, 0.0, 0.3778764621054751, 0.0, 2.699956781830881E-4
0.0011097999999999987, 0.37763970557080406, 0.0, 0.37791216697752344, 0.0, 2.72461406719382E-4
0.0011196999999999986, 0.3776326305139754, 0.0, 0.3779075147857604, 0.0, 2.748842717850142E-4
0.0011295999999999986, 0.3775852380169162, 0.0, 0.3778625011365224, 0.0, 2.772631196062414E-4
0.0011394999999999986, 0.3774975063793571, 0.0, 0.37777710317575425, 0.0, 2.795967963971635E-4
0.0011493999999999986, 0.377954379134288, 0.0, 0.3782369112922332, 0.0, 2.8253215794521447E-4
0.0011592999999999985, 0.37779123931558234, 0.0, 0.37807602255790485, 0.0, 2.8478324232250607E-4
0.0011691999999999985, 0.3775876816618224, 0.0, 0.3778746674523314, 0.0, 2.8698579050900896E-4
0.0011790999999999985, 0.377943753710534, 0.0, 0.37823357429003923, 0.0, 2.898205795052178E-4
0.0011889999999999984, 0.37766474669522915, 0.0, 0.3779566807885916, 0.0, 2.919340933624781E-4
0.0011988999999999984, 0.37795529422251206, 0.0, 0.3782499949540405, 0.0, 2.9470073152843E-4
0.0012087999999999984, 0.3776007140529289, 0.0, 0.37789743503348205, 0.0, 2.9672098055316676E-4
0.0012186999999999983, 0.3778258793701673, 0.0, 0.378125294992132, 0.0, 2.9941562196467153E-4
0.0012285999999999983, 0.377395481107332, 0.0, 0.37769681948298567, 0.0, 3.013383756536592E-4
0.0012384999999999983, 0.3775553015325016, 0.0, 0.3778592587069236, 0.0, 3.039571744219982E-4
0.0012483999999999983, 0.3776847982411499, 0.0, 0.3779913408889263, 0.0, 3.065426477763533E-4
0.0012582999999999982, 0.3777840157060095, 0.0, 0.37809310963639675, 0.0, 3.0909393038724975E-4
0.0012681999999999982, 0.3778529880158491, 0.0, 0.37816459817277237, 0.0, 3.116101569232699E-4
0.0012780999999999982, 0.3778917388754745, 0.0, 0.37820582933752944, 0.0, 3.1409046205493896E-4
0.0012879999999999981, 0.37790028160572764, 0.0, 0.3782168155861795, 0.0, 3.1653398045183856E-4
0.001297899999999998, 0.377878619143487, 0.0, 0.37819755899027074, 0.0, 3.189398467837168E-4
0.001307799999999998, 0.37782674404166783, 0.0, 0.37814805123737744, 0.0, 3.213071957096081E-4
0.001317699999999998, 0.3777446384692216, 0.0, 0.3780682736311416, 0.0, 3.236351619199662E-4
0.001327599999999998, 0.3776322742111365, 0.0, 0.3779581970912113, 0.0, 3.2592288007482484E-4
0.001337499999999998, 0.3774896126684371, 0.0, 0.37781778215328055, 0.0, 3.2816948484343245E-4
0.001347399999999998, 0.3780023661401401, 0.0, 0.378333630747291, 0.0, 3.312646071508829E-4
0.001357299999999998, 0.37780451599753667, 0.0, 0.37813795552058055, 0.0, 3.334395230438769E-4
0.0013671999999999979, 0.3775762777922185, 0.0, 0.3779118486179259, 0.0, 3.355708257074541E-4
0.0013770999999999979, 0.3780184276340395, 0.0, 0.37835701547021405, 0.0, 3.3858783617457533E-4
0.0013869999999999978, 0.3777349713240651, 0.0, 0.3780756140627752, 0.0, 3.406427387100952E-4
0.0013968999999999978, 0.37742095290927197, 0.0, 0.3777636044374551, 0.0, 3.426515281831355E-4
0.0014067999999999978, 0.37779286714394966, 0.0, 0.37813845122500406, 0.0, 3.455840810543953E-4
0.0014166999999999977, 0.3774234490139127, 0.0, 0.3777709607730791, 0.0, 3.4751175916636345E-4
0.0014265999999999977, 0.3777500315647254, 0.0, 0.3781004206485868, 0.0, 3.503890838613688E-4
0.0014364999999999977, 0.37805608697890597, 0.0, 0.37840933171535746, 0.0, 3.532447364514857E-4
0.0014463999999999976, 0.3776064155218735, 0.0, 0.3779614675001364, 0.0, 3.5505197826291024E-4
0.0014562999999999976, 0.3778673295491001, 0.0, 0.3782251780097167, 0.0, 3.578484606166499E-4
0.0014661999999999976, 0.37810786613406505, 0.0, 0.3784684875781222, 0.0, 3.606214440571298E-4
0.0014760999999999976, 0.37757765239187646, 0.0, 0.3779399540072363, 0.0, 3.6230161535982797E-4
0.0014859999999999975, 0.37777312904747756, 0.0, 0.37813814053398115, 0.0, 3.6501148650358584E-4
0.0014958999999999975, 0.3779483293043959, 0.0, 0.37831602533632175, 0.0, 3.676960319258238E-4
0.0015057999999999975, 0.37810329331162623, 0.0, 0.3784736479863657, 0.0, 3.7035467473944816E-4
0.0015156999999999974, 0.37746720343072904, 0.0, 0.3778390634203337, 0.0, 3.718599896046504E-4
0.0015255999999999974, 0.37757709237065684, 0.0, 0.37795154269879705, 0.0, 3.7445032814020784E-4
0.0015354999999999974, 0.37766678245462504, 0.0, 0.3780437953918837, 0.0, 3.7701293725866947E-4
0.0015453999999999973, 0.37773629421747507, 0.0, 0.3781158414575486, 0.0, 3.7954724007355223E-4
0.0015552999999999973, 0.3777856435789534, 0.0, 0.37816769623864216, 0.0, 3.8205265968876967E-4
0.0015651999999999973, 0.3778148418437115, 0.0, 0.3781993704629472, 0.0, 3.8452861923571335E-4
0.0015750999999999972, 0.37782389570130637, 0.0, 0.37821087024312444, 0.0, 3.869745418180748E-4
0.0015849999999999972, 0.37781280722619953, 0.0, 0.37820219707674885, 0.0, 3.893898505493154E-4
0.0015948999999999972, 0.3777815738777581, 0.0, 0.37817334784630074, 0.0, 3.9177396854261914E-4
0.0016047999999999972, 0.37773018850025425, 0.0, 0.378124314819165, 0.0, 3.941263189107258E-4
0.0016146999999999971, 0.37765863932286503, 0.0, 0.37805508564763235, 0.0, 3.964463247673189E-4
0.001624599999999997, 0.3775669099596728, 0.0, 0.37796564336889904, 0.0, 3.9873340922624845E-4
0.001634499999999997, 0.37745497940966505, 0.0, 0.37785596640505414, 0.0, 4.0098699538909655E-4
0.001644399999999997, 0.3781594827067575, 0.0, 0.3785640155503388, 0.0, 4.045328435813289E-4
0.001654299999999997, 0.3780125825834994, 0.0, 0.3784193163043439, 0.0, 4.0673372084448767E-4
0.001664199999999997, 0.37784546094156307, 0.0, 0.3782543604068725, 0.0, 4.0889946530942023E-4
0.001674099999999997, 0.37765807947333024, 0.0, 0.37806910897341933, 0.0, 4.1102950008908845E-4
0.001683999999999997, 0.3774503952560875, 0.0, 0.37786351850438443, 0.0, 4.131232482969538E-4
0.0016938999999999969, 0.3780844930956575, 0.0, 0.3785010806189849, 0.0, 4.1658752332740523E-4
0.0017037999999999969, 0.37784190076401003, 0.0, 0.3782605242308019, 0.0, 4.186234667918898E-4
0.0017136999999999968, 0.37757892516296104, 0.0, 0.37799954665213265, 0.0, 4.20621489171602E-4
0.0017235999999999968, 0.3781724868601323, 0.0, 0.37859652504961305, 0.0, 4.2403818948077987E-4
0.0017334999999999968, 0.37787460173062587, 0.0, 0.37830057715716126, 0.0, 4.2597542653538545E-4
0.0017433999999999967, 0.37755621800581907, 0.0, 0.3779840911138113, 0.0, 4.278731079922493E-4
0.0017532999999999967, 0.3781095936240847, 0.0, 0.3785408321079159, 0.0, 4.312384838311978E-4
0.0017631999999999967, 0.3777562385759432, 0.0, 0.3781893109753242, 0.0, 4.3307239938100706E-4
0.0017730999999999966, 0.37738223480109506, 0.0, 0.3778170999259152, 0.0, 4.348651248201607E-4
0.0017829999999999966, 0.37789570517752497, 0.0, 0.37833388060394174, 0.0, 4.3817542641677587E-4
0.0017928999999999966, 0.3774866079036402, 0.0, 0.3779265093090066, 0.0, 4.399014053664274E-4
0.0018027999999999965, 0.37797471367867186, 0.0, 0.37841789240644286, 0.0, 4.4317872777099865E-4
0.0018126999999999965, 0.3775304537113764, 0.0, 0.3779752897486517, 0.0, 4.4483603727529797E-4
0.0018225999999999965, 0.377993318411637, 0.0, 0.37844139725377485, 0.0, 4.4807884213782234E-4
0.0018324999999999965, 0.37751380232730886, 0.0, 0.3779634678865487, 0.0, 4.496655592398646E-4
0.0018423999999999964, 0.37795153217281996, 0.0, 0.37840440448100826, 0.0, 4.5287230818830126E-4
0.0018522999999999964, 0.377436642318589, 0.0, 0.3778910288285211, 0.0, 4.5438650993212537E-4
0.0018621999999999964, 0.3778493262227663, 0.0, 0.37830688188736755, 0.0, 4.575556646012613E-4
0.0018720999999999963, 0.37825131077645796, 0.0, 0.37871202528848885, 0.0, 4.6071451203089087E-4
0.0018819999999999963, 0.3776866302861675, 0.0, 0.37814875573622303, 0.0, 4.621254500555283E-4
0.0018918999999999963, 0.37806370967251585, 0.0, 0.3785289541643132, 0.0, 4.652444917973564E-4
0.0019017999999999962, 0.37746333255186126, 0.0, 0.37792991075508414, 0.0, 4.6657820322287824E-4
0.0019116999999999962, 0.3778155539561325, 0.0, 0.37828520985706215, 0.0, 4.6965590092967746E-4
0.0019215999999999962, 0.3781572475531502, 0.0, 0.3786299692100344, 0.0, 4.7272165688416745E-4
0.0019314999999999962, 0.37750667297368584, 0.0, 0.37798061825178036, 0.0, 4.73945278094523E-4
0.0019413999999999961, 0.3778235905201572, 0.0, 0.37830055799876255, 0.0, 4.7696747860537236E-4
0.001951299999999996, 0.37813006859784615, 0.0, 0.37861004537373244, 0.0, 4.7997677588629273E-4
0.0019611999999999963, 0.37742900148874153, 0.0, 0.3779100877574167, 0.0, 4.8108626867515714E-4
0.0019710999999999965, 0.3777107510264989, 0.0, 0.37819480082560414, 0.0, 4.8404979910521284E-4
0.0019809999999999967, 0.37798213539636505, 0.0, 0.37846913486119926, 0.0, 4.8699946483421463E-4
0.001990899999999997, 0.37824318569195886, 0.0, 0.37873312066937037, 0.0, 4.899349774115103E-4
0.002000799999999997, 0.3774768803799996, 0.0, 0.37796777285847916, 0.0, 4.908924784795543E-4
0.002010699999999997, 0.37771324439505227, 0.0, 0.3782070237348315, 0.0, 4.937793397792323E-4
0.0020205999999999974, 0.37793933056093537, 0.0, 0.37843598164738423, 0.0, 4.966510864488627E-4
0.0020304999999999976, 0.37815516477928607, 0.0, 0.37865467220933136, 0.0, 4.995074300452873E-4
0.0020403999999999978, 0.378360771797968, 0.0, 0.37886311988009286, 0.0, 5.023480821248483E-4
0.002050299999999998, 0.37751415878994304, 0.0, 0.37801726961457116, 0.0, 5.031108246281168E-4
0.002060199999999998, 0.37769507788483037, 0.0, 0.37820097715279166, 0.0, 5.058992679612961E-4
0.0020700999999999983, 0.37786580389115537, 0.0, 0.3783744749494548, 0.0, 5.086710582994369E-4
0.0020799999999999985, 0.37802635636479975, 0.0, 0.3785377822719992, 0.0, 5.114259071994365E-4
0.0020898999999999987, 0.37817675370787185, 0.0, 0.37869091723408904, 0.0, 5.141635262171929E-4
0.002099799999999999, 0.37831701316870586, 0.0, 0.3788338967956159, 0.0, 5.168836269100474E-4
0.002109699999999999, 0.3784471508418625, 0.0, 0.3789667367626967, 0.0, 5.195859208342313E-4
0.0021195999999999993, 0.3774899182358258, 0.0, 0.37800998468398184, 0.0, 5.200664481560535E-4
0.0021294999999999994, 0.3775952669989093, 0.0, 0.37811797862870433, 0.0, 5.227116297950585E-4
0.0021393999999999996, 0.37769049789500947, 0.0, 0.3782158359381907, 0.0, 5.253380431812227E-4
0.0021493, 0.37777562182670527, 0.0, 0.3783035672265889, 0.0, 5.279453998836559E-4
0.0021592, 0.3778506485428019, 0.0, 0.3783811819542544, 0.0, 5.305334114524829E-4
0.0021691, 0.37791558663833097, 0.0, 0.3784486884277751, 0.0, 5.33101789444157E-4
0.0021790000000000004, 0.37797044355455006, 0.0, 0.3785060937999657, 0.0, 5.356502454156309E-4
0.0021889000000000006, 0.37801522557894335, 0.0, 0.3785534040698665, 0.0, 5.381784909231357E-4
0.0021988000000000008, 0.37804993784522123, 0.0, 0.37859062408274424, 0.0, 5.406862375230137E-4
0.002208700000000001, 0.3780745843333202, 0.0, 0.3786177575300927, 0.0, 5.431731967724951E-4
0.002218600000000001, 0.3780891678694033, 0.0, 0.3786348069496245, 0.0, 5.456390802212052E-4
0.0022285000000000013, 0.37809369012585947, 0.0, 0.3786417737252982, 0.0, 5.480835994387534E-4
0.0022384000000000015, 0.3780881516213045, 0.0, 0.37863865808727853, 0.0, 5.505064659740433E-4
0.0022483000000000017, 0.3780725517205799, 0.0, 0.37862545911196704, 0.0, 5.529073913871363E-4
0.002258200000000002, 0.3780468886347537, 0.0, 0.378602174721985, 0.0, 5.552860872312659E-4
0.002268100000000002, 0.37801115942112035, 0.0, 0.37856880168618434, 0.0, 5.576422650639956E-4
0.0022780000000000022, 0.37796535998320024, 0.0, 0.3785253356196421, 0.0, 5.59975636441834E-4
0.0022879000000000024, 0.37790948507074035, 0.0, 0.378471770983662, 0.0, 5.622859129216784E-4
0.0022978000000000026, 0.37784352827971385, 0.0, 0.37840810108576733, 0.0, 5.645728060534871E-4
0.002307700000000003, 0.37776748205231997, 0.0, 0.3783343180797266, 0.0, 5.668360274066475E-4
0.002317600000000003, 0.37768133767698464, 0.0, 0.37825041296551587, 0.0, 5.690752885312289E-4
0.002327500000000003, 0.37758508528835977, 0.0, 0.37815637558934356, 0.0, 5.712903009837955E-4
0.0023374000000000034, 0.3774787138673235, 0.0, 0.3780521946436447, 0.0, 5.734807763211891E-4
0.0023473000000000036, 0.37855551582340236, 0.0, 0.37913386481488265, 0.0, 5.783489914802931E-4
0.0023572000000000037, 0.37843446474871556, 0.0, 0.37901497712078885, 0.0, 5.805123720732941E-4
0.002367100000000004, 0.37830330537035334, 0.0, 0.3788859558167218, 0.0, 5.826504463684601E-4
0.002377000000000004, 0.3781620226309859, 0.0, 0.37874678555690255, 0.0, 5.847629259166376E-4
0.0023869000000000043, 0.37801060031951, 0.0, 0.3785974498417959, 0.0, 5.868495222858816E-4
0.0023968000000000045, 0.3778490210710481, 0.0, 0.37843793101807505, 0.0, 5.889099470269277E-4
0.0024067000000000047, 0.37767726636694965, 0.0, 0.3782682102786463, 0.0, 5.90943911696673E-4
0.002416600000000005, 0.3774953165347897, 0.0, 0.37808826766264086, 0.0, 5.929511278511823E-4
0.002426500000000005, 0.3785369001182229, 0.0, 0.379134719441324, 0.0, 5.978193231011009E-4
0.0024364000000000052, 0.37834046707598484, 0.0, 0.3789402628668795, 0.0, 5.997957908946416E-4
0.0024463000000000054, 0.37813382809731194, 0.0, 0.3787355728383027, 0.0, 6.017447409907839E-4
0.0024562000000000056, 0.37791695947157145, 0.0, 0.3785206253565175, 0.0, 6.036658849460363E-4
0.002466100000000006, 0.37768983633435704, 0.0, 0.3782953952686687, 0.0, 6.055589343116341E-4
0.002476000000000006, 0.3774524326674887, 0.0, 0.37805985626814304, 0.0, 6.074236006543554E-4
0.002485900000000006, 0.37846907096569143, 0.0, 0.3790813617034841, 0.0, 6.122907377926756E-4
0.0024958000000000063, 0.3782172853090802, 0.0, 0.37883140727271647, 0.0, 6.141219636362494E-4
0.0025057000000000065, 0.3779551925462006, 0.0, 0.3785711165834701, 0.0, 6.159240372695107E-4
0.0025156000000000067, 0.37768276262066464, 0.0, 0.37830045929091366, 0.0, 6.176966702490239E-4
0.002525500000000007, 0.3773999643223102, 0.0, 0.3780194038964418, 0.0, 6.19439574131575E-4
0.002535400000000007, 0.3783967073080848, 0.0, 0.3790210128267333, 0.0, 6.243055186485047E-4
0.0025453000000000073, 0.37809958418617345, 0.0, 0.3787255969567995, 0.0, 6.260127706260721E-4
0.0025552000000000075, 0.3777920532310228, 0.0, 0.37841974275535256, 0.0, 6.276895243297886E-4
0.0025651000000000077, 0.3774740791942631, 0.0, 0.3781034146855735, 0.0, 6.293354913103899E-4
0.002575000000000008, 0.37845547258593826, 0.0, 0.3790896752906255, 0.0, 6.342027046872256E-4
0.002584900000000008, 0.3781232099131322, 0.0, 0.37875902120224, 0.0, 6.358112891077794E-4
0.002594800000000008, 0.3777804546989239, 0.0, 0.3784178430165469, 0.0, 6.37388317623E-4
0.0026047000000000084, 0.37742716765673556, 0.0, 0.3780661011585249, 0.0, 6.389335017893405E-4
0.0026146000000000086, 0.3783936621165781, 0.0, 0.3790374617930564, 0.0, 6.437996764783183E-4
0.0026245000000000088, 0.3780261022425182, 0.0, 0.3786714079899371, 0.0, 6.453057474188895E-4
0.002634400000000009, 0.3776479510813128, 0.0, 0.3782947302861462, 0.0, 6.467792048333587E-4
0.002644300000000009, 0.3786035960534464, 0.0, 0.3792552455479007, 0.0, 6.516494944542872E-4
0.0026542000000000093, 0.37821119073052606, 0.0, 0.3788642733192528, 0.0, 6.530825887267611E-4
0.0026641000000000095, 0.377808127546357, 0.0, 0.37846260984664226, 0.0, 6.544823002852529E-4
0.0026740000000000097, 0.37739436029171886, 0.0, 0.37805020863240557, 0.0, 6.558483406867155E-4
0.00268390000000001, 0.3783358475325736, 0.0, 0.37899656118213326, 0.0, 6.607136495596633E-4
0.00269380000000001, 0.3779078071148882, 0.0, 0.37856984471104665, 0.0, 6.620375961584601E-4
0.0027037000000000103, 0.37746898605325835, 0.0, 0.37813231315567575, 0.0, 6.633271024173992E-4
0.0027136000000000104, 0.37840015848243297, 0.0, 0.3790683522203638, 0.0, 6.681937379308112E-4
0.0027235000000000106, 0.377947058314073, 0.0, 0.37861649821453847, 0.0, 6.694399004654739E-4
0.002733400000000011, 0.377483093813355, 0.0, 0.37815374466683316, 0.0, 6.706508534781719E-4
0.002743300000000011, 0.37840416787802245, 0.0, 0.37907968553989113, 0.0, 6.755176618686853E-4
0.002753200000000011, 0.37792590813522375, 0.0, 0.3786025921564593, 0.0, 6.766840212355518E-4
0.0027631000000000114, 0.3774366932567155, 0.0, 0.37811450765861326, 0.0, 6.778144018977361E-4
0.0027730000000000116, 0.37834787848140655, 0.0, 0.3790305587107928, 0.0, 6.826802293862233E-4
0.0027829000000000118, 0.3778443420337991, 0.0, 0.37852810680028026, 0.0, 6.837647664811874E-4
0.002792800000000012, 0.3787491016523531, 0.0, 0.37943773997650465, 0.0, 6.886383241515581E-4
0.002802700000000012, 0.37823125151879555, 0.0, 0.3789209277672924, 0.0, 6.896762484968622E-4
0.0028126000000000123, 0.37770230392940357, 0.0, 0.3783929808736196, 0.0, 6.906769442160399E-4
0.0028225000000000125, 0.3785975104357386, 0.0, 0.37929305812991965, 0.0, 6.955476941810645E-4
0.0028324000000000127, 0.37805420668054596, 0.0, 0.3787507072077748, 0.0, 6.965005272288605E-4
0.002842300000000013, 0.377499696205788, 0.0, 0.3781971115682559, 0.0, 6.974153624679236E-4
0.002852200000000013, 0.37838554143323766, 0.0, 0.37908782358418663, 0.0, 7.022821509489741E-4
0.0028621000000000132, 0.3778166221211605, 0.0, 0.37851976999475595, 0.0, 7.031478735954333E-4
0.0028720000000000134, 0.3786963842200012, 0.0, 0.3794044048815991, 0.0, 7.08020661597919E-4
0.0028819000000000136, 0.37811304857010464, 0.0, 0.37882188507257364, 0.0, 7.088365024690013E-4
0.002891800000000014, 0.37751833445928784, 0.0, 0.37822794755489786, 0.0, 7.096130956100177E-4
0.002901700000000014, 0.37838904350872693, 0.0, 0.37910352360405175, 0.0, 7.144800953248209E-4
0.002911600000000014, 0.3777798442357401, 0.0, 0.37849504979250925, 0.0, 7.152055567691273E-4
0.0029215000000000144, 0.3786446702780393, 0.0, 0.3793647477764234, 0.0, 7.200774983841529E-4
0.0029314000000000145, 0.37802096891989667, 0.0, 0.37874171997884587, 0.0, 7.207510589491983E-4
0.0029413000000000147, 0.37738569928369076, 0.0, 0.37810708340555316, 0.0, 7.213841218624006E-4
0.002951200000000015, 0.37824176377635327, 0.0, 0.37896801222472537, 0.0, 7.262484483721021E-4
0.002961100000000015, 0.377591907077809, 0.0, 0.3783187354382936, 0.0, 7.268283604845993E-4
0.0029710000000000153, 0.3784422794546108, 0.0, 0.37917397602588415, 0.0, 7.316965712733658E-4
0.0029809000000000155, 0.37777780934825694, 0.0, 0.3785100319116596, 0.0, 7.322225634026625E-4
0.0029908000000000157, 0.37862256198907523, 0.0, 0.3793596562629497, 0.0, 7.370942738744723E-4
0.003000700000000016, 0.37794344866811963, 0.0, 0.3786810142449578, 0.0, 7.375655768381839E-4
0.003010600000000016, 0.37878265279905776, 0.0, 0.37952509320145966, 0.0, 7.424404024019005E-4
0.0030205000000000162, 0.3780888629953869, 0.0, 0.37883171924240416, 0.0, 7.428562470172539E-4
0.0030304000000000164, 0.37738315187443333, 0.0, 0.37812638125701475, 0.0, 7.432293825814229E-4
0.0030403000000000166, 0.3782140856729537, 0.0, 0.37896217909311597, 0.0, 7.480934201622436E-4
0.003050200000000017, 0.37749358501694186, 0.0, 0.3782419948643983, 0.0, 7.484098474564438E-4
0.003060100000000017, 0.37831914542862055, 0.0, 0.37907242137112823, 0.0, 7.532759425076807E-4
0.003070000000000017, 0.3775838125469514, 0.0, 0.37833734743930125, 0.0, 7.535348923498608E-4
0.0030799000000000173, 0.3784040663750925, 0.0, 0.3791624690353683, 0.0, 7.584026602758254E-4
0.0030898000000000175, 0.3776538551158462, 0.0, 0.37841245847932947, 0.0, 7.586033634832678E-4
0.0030997000000000177, 0.3784688680099801, 0.0, 0.37923234042967296, 0.0, 7.634724196928788E-4
0.003109600000000018, 0.3777037287599154, 0.0, 0.3784673428669987, 0.0, 7.636141070832547E-4
0.003119500000000018, 0.3785135652157989, 0.0, 0.37928204928277953, 0.0, 7.68484066980657E-4
0.0031294000000000183, 0.3777334449003535, 0.0, 0.3785020108697248, 0.0, 7.685659693713043E-4
0.0031393000000000185, 0.3785381682599695, 0.0, 0.37931160470834385, 0.0, 7.734364483743539E-4
0.0031492000000000187, 0.37774301034325997, 0.0, 0.3785164681398429, 0.0, 7.734577965829437E-4
0.003159100000000019, 0.37854268279481784, 0.0, 0.3793210112049135, 0.0, 7.783284100956744E-4
0.003169000000000019, 0.3777324272796395, 0.0, 0.37851071571457984, 0.0, 7.782884349403218E-4
0.003178900000000019, 0.3785271098575747, 0.0, 0.37931026865594575, 0.0, 7.83158798371042E-4
0.0031888000000000194, 0.3777016932854019, 0.0, 0.37848475001606985, 0.0, 7.830567306679748E-4
0.0031987000000000196, 0.3784914458703762, 0.0, 0.3792793723297982, 0.0, 7.879264594219948E-4
0.0032086000000000198, 0.3776508013213619, 0.0, 0.3784385628513516, 0.0, 7.877615299896612E-4
0.00321850000000002, 0.37843568264026356, 0.0, 0.37922831287974823, 0.0, 7.926302394846707E-4
0.00322840000000002, 0.37757973973323955, 0.0, 0.3783721414123795, 0.0, 7.924016791399646E-4
0.0032383000000000203, 0.3783598073591829, 0.0, 0.37915707634396245, 0.0, 7.972689847795533E-4
0.0032482000000000205, 0.3774884922516601, 0.0, 0.3782854682760005, 0.0, 7.969760243404234E-4
0.0032581000000000207, 0.37826380260398584, 0.0, 0.3790656441455199, 0.0, 8.018415415340652E-4
0.003268000000000021, 0.37737703799215366, 0.0, 0.3781785214039712, 0.0, 8.014834118175163E-4
0.003277900000000021, 0.3781476463364287, 0.0, 0.37895399309240185, 0.0, 8.063467559731308E-4
0.0032878000000000213, 0.3789160039566195, 0.0, 0.37972722876735865, 0.0, 8.112248107391418E-4
0.0032977000000000214, 0.3780113119031732, 0.0, 0.37882209537749334, 0.0, 8.107834743201203E-4
0.0033076000000000216, 0.37877505095218855, 0.0, 0.37959070982750254, 0.0, 8.156588753139848E-4
0.003317500000000022, 0.37785476803578605, 0.0, 0.3786699185785953, 0.0, 8.151505428092287E-4
0.003327400000000022, 0.3786139412793499, 0.0, 0.37943396418478514, 0.0, 8.200229054352581E-4
0.003337300000000022, 0.3776779788507392, 0.0, 0.3784974256584018, 0.0, 8.194468076625494E-4
0.0033472000000000224, 0.3784326379008017, 0.0, 0.3792569536481311, 0.0, 8.24315747329385E-4
0.0033571000000000226, 0.3774809038494096, 0.0, 0.3783045749645162, 0.0, 8.236711151066167E-4
0.0033670000000000228, 0.3782310991641472, 0.0, 0.3790596354113654, 0.0, 8.285362472181812E-4
0.003376900000000023, 0.37897915990135495, 0.0, 0.37981257560671383, 0.0, 8.334157053588864E-4
0.003386800000000023, 0.37800927880189483, 0.0, 0.3788419620532324, 0.0, 8.326832513375626E-4
0.0033967000000000233, 0.37875295366408007, 0.0, 0.37959051208526856, 0.0, 8.37558421188489E-4
0.0034066000000000235, 0.3777671259314581, 0.0, 0.3786038815373668, 0.0, 8.367556059086789E-4
0.0034165000000000237, 0.3785064628769541, 0.0, 0.37934808897983274, 0.0, 8.416261028786343E-4
0.003426400000000024, 0.3775045850551557, 0.0, 0.37834533721231367, 0.0, 8.407521571579535E-4
0.003436300000000024, 0.37823963088852214, 0.0, 0.3790852484851777, 0.0, 8.45617596655579E-4
0.0034462000000000242, 0.3789726272351706, 0.0, 0.37982312430890053, 0.0, 8.504970737299167E-4
0.0034561000000000244, 0.3779523964322342, 0.0, 0.378801928180976, 0.0, 8.495317487418053E-4
0.0034660000000000246, 0.37868117529655176, 0.0, 0.37953558098416096, 0.0, 8.544056876091943E-4
0.003475900000000025, 0.3776446936264453, 0.0, 0.3784980610318168, 0.0, 8.533674053715079E-4
0.003485800000000025, 0.37836929931314867, 0.0, 0.3792275347345854, 0.0, 8.582354214367593E-4
0.003495700000000025, 0.37909191127886394, 0.0, 0.3799550285616501, 0.0, 8.631172827861522E-4
0.0035056000000000254, 0.3780369276344479, 0.0, 0.3788989127558864, 0.0, 8.619851214384799E-4
0.0035155000000000255, 0.3787554371679132, 0.0, 0.37962229774716016, 0.0, 8.66860579246953E-4
0.0035254000000000257, 0.37768398399484115, 0.0, 0.3785496376286784, 0.0, 8.656536338372267E-4
0.003535300000000026, 0.37839843290093006, 0.0, 0.37926895520444326, 0.0, 8.705223035131993E-4
0.003545200000000026, 0.3791109430825782, 0.0, 0.3799863477087562, 0.0, 8.754046261780224E-4
0.0035551000000000263, 0.37802081644343755, 0.0, 0.3788949177452567, 0.0, 8.741013018191413E-4
0.0035650000000000265, 0.3787293338586394, 0.0, 0.37960831021425184, 0.0, 8.789763556124597E-4
0.0035749000000000267, 0.37762250114586393, 0.0, 0.378500097566251, 0.0, 8.775964203870945E-4
0.003584800000000027, 0.3783270650996499, 0.0, 0.3792095289203676, 0.0, 8.824638207176605E-4
0.003594700000000027, 0.37902974455635985, 0.0, 0.3799170892381015, 0.0, 8.873446817416752E-4
0.0036046000000000272, 0.37790404438716935, 0.0, 0.37878991025488934, 0.0, 8.858658677199927E-4
0.0036145000000000274, 0.3786028353589593, 0.0, 0.37949357395349764, 0.0, 8.90738594538365E-4
0.0036244000000000276, 0.37746017468766235, 0.0, 0.3783493560305044, 0.0, 8.891813428420492E-4
0.003634300000000028, 0.37815511397971974, 0.0, 0.37904915953059076, 0.0, 8.940455508710254E-4
0.003644200000000028, 0.3788482222328835, 0.0, 0.37974714526018144, 0.0, 8.989230272979376E-4
0.003654100000000028, 0.3776864776162374, 0.0, 0.37858374201319944, 0.0, 8.972643969620275E-4
0.0036640000000000283, 0.37837579628172996, 0.0, 0.3792779291555874, 0.0, 9.021328738574308E-4
0.0036739000000000285, 0.3790633103489766, 0.0, 0.379970324871978, 0.0, 9.070145230014037E-4
0.0036838000000000287, 0.37788238223417925, 0.0, 0.3787876353059884, 0.0, 9.052530718091645E-4
0.003693700000000029, 0.37856616726745124, 0.0, 0.37947629250813014, 0.0, 9.101252406789051E-4
0.003703600000000029, 0.37924817395082955, 0.0, 0.38016318443648406, 0.0, 9.150104856545105E-4
0.0037135000000000293, 0.3780479558624364, 0.0, 0.37896110063382504, 0.0, 9.13144771388652E-4
0.0037234000000000295, 0.3787262925271715, 0.0, 0.3796443125825255, 0.0, 9.180200553540185E-4
0.0037333000000000297, 0.377508557178696, 0.0, 0.3784246291400492, 0.0, 9.16071961353182E-4
0.00374320000000003, 0.37818325543799364, 0.0, 0.37910419233771087, 0.0, 9.209368997172285E-4
0.00375310000000003, 0.378856227267215, 0.0, 0.37978204198910265, 0.0, 9.2581472188763E-4
0.00376300000000003, 0.37761893795919155, 0.0, 0.3785426978241615, 0.0, 9.23759864969953E-4
0.0037729000000000304, 0.3782883275138727, 0.0, 0.3792169543746688, 0.0, 9.28626860796089E-4
0.0037828000000000306, 0.37895601630994274, 0.0, 0.3798895229542277, 0.0, 9.335066442849316E-4
0.0037927000000000308, 0.3776990471450692, 0.0, 0.3786303907273027, 0.0, 9.313435822335125E-4
0.003802600000000031, 0.3783632082591314, 0.0, 0.37929942031777375, 0.0, 9.362120586423606E-4
0.003812500000000031, 0.3790256940937521, 0.0, 0.37996678732031464, 0.0, 9.410932265625505E-4
0.0038224000000000313, 0.377748912252084, 0.0, 0.3786877327692442, 0.0, 9.388205171602104E-4
0.0038323000000000315, 0.37840792345886415, 0.0, 0.3793516133561257, 0.0, 9.436898972615682E-4
0.0038422000000000317, 0.3790652846730768, 0.0, 0.38001385654580283, 0.0, 9.485718727260117E-4
0.003852100000000032, 0.3777685504120276, 0.0, 0.378714738485783, 0.0, 9.461880737554051E-4
0.003862000000000032, 0.37842248851420207, 0.0, 0.37937354629486064, 0.0, 9.510577806585707E-4
0.0038719000000000323, 0.3790748017183876, 0.0, 0.3800307417051683, 0.0, 9.559399867807294E-4
0.0038818000000000324, 0.37775796837272807, 0.0, 0.3787114120287529, 0.0, 9.534436560248438E-4
0.0038917000000000326, 0.3784069084423128, 0.0, 0.379365221555163, 0.0, 9.583131128502176E-4
0.003901600000000033, 0.3790542485161913, 0.0, 0.3800174434889345, 0.0, 9.631949727432199E-4
0.003911500000000033, 0.37771716249805015, 0.0, 0.37867774716603486, 0.0, 9.605846679847097E-4
0.003921400000000033, 0.3783611778764002, 0.0, 0.37932663117424203, 0.0, 9.654532978418118E-4
0.003931300000000033, 0.3790036179690313, 0.0, 0.3799739522036499, 0.0, 9.703342346185639E-4
0.0039412000000000336, 0.3776461187678949, 0.0, 0.378613727281532, 0.0, 9.67608513637086E-4
0.003951100000000034, 0.378285281065705, 0.0, 0.3792577568053442, 0.0, 9.724757396391559E-4
0.003961000000000034, 0.3789228925954877, 0.0, 0.3799002477719005, 0.0, 9.773551764127864E-4
0.003970900000000034, 0.37754481277819996, 0.0, 0.3785193253751983, 0.0, 9.745125969983226E-4
0.003980800000000034, 0.3781791918755043, 0.0, 0.3791585697177625, 0.0, 9.793778422582111E-4
0.0039907000000000345, 0.378812044530177, 0.0, 0.37979629973231915, 0.0, 9.842552021421813E-4
0.004000600000000035, 0.37741320974093967, 0.0, 0.378394504063013, 0.0, 9.812943220733339E-4
0.004010500000000035, 0.3780428737871116, 0.0, 0.37902903079681616, 0.0, 9.86157009704558E-4
0.004020400000000035, 0.37867103552375225, 0.0, 0.37966206723956053, 0.0, 9.91031715808277E-4
0.004030300000000035, 0.3792976949508616, 0.0, 0.3802936133912536, 0.0, 9.959184403920407E-4
0.004040200000000035, 0.3778762798978771, 0.0, 0.37886909054386125, 0.0, 9.928106459841657E-4
0.004050100000000036, 0.37849981694290297, 0.0, 0.3794974990643309, 0.0, 9.97682121427923E-4
0.004060000000000036, 0.37912187561920224, 0.0, 0.3801244411384023, 0.0, 0.0010025655192000826
0.004069900000000036, 0.37767935292118754, 0.0, 0.3786786890763003, 0.0, 9.993361551127733E-4
0.004079800000000036, 0.37829832977035527, 0.0, 0.3793025335933614, 0.0, 0.0010042038230061445
0.004089700000000036, 0.37891585199930555, 0.0, 0.3799249353163858, 0.0, 0.0010090833170802727
0.0040996000000000365, 0.3774520251864659, 0.0, 0.3784577561275589, 0.0, 0.0010057309410929638
0.004109500000000037, 0.37806650460487173, 0.0, 0.37907709882942076, 0.0, 0.0010105942245490218
0.004119400000000037, 0.3786795529592736, 0.0, 0.379695022197311, 0.0, 0.0010154692380374142
0.004129300000000037, 0.3792911702496713, 0.0, 0.380311526231231, 0.0, 0.0010203559815596952
0.004139200000000037, 0.37780426166125153, 0.0, 0.3788211123913239, 0.0, 0.0010168507300723495
0.0041491000000000375, 0.37841289698324476, 0.0, 0.37943461766933406, 0.0, 0.0010217206860893002
0.004159000000000038, 0.3790201246051518, 0.0, 0.38004672688114316, 0.0, 0.001026602275991384
0.004168900000000038, 0.3775115107703303, 0.0, 0.378534481513912, 0.0, 0.0010229707435817081
0.004178800000000038, 0.37811579217139435, 0.0, 0.37914362723663436, 0.0, 0.0010278350652400126
0.004188700000000038, 0.37871868904399425, 0.0, 0.3797513999686264, 0.0, 0.0010327109246321409
0.004198600000000038, 0.37932020138813033, 0.0, 0.38035779970989503, 0.0, 0.001037598321764699
0.004208500000000039, 0.3777881362399337, 0.0, 0.37882194601942953, 0.0, 0.0010338097794958534
0.004218400000000039, 0.37838675955174983, 0.0, 0.3794254388832476, 0.0, 0.0010386793314977605
0.004228300000000039, 0.3789840213144286, 0.0, 0.3800275816395177, 0.0, 0.0010435603250891212
0.004238200000000039, 0.3774298165211111, 0.0, 0.37846945875398363, 0.0, 0.0010396422328725619
0.004248100000000039, 0.3780242217300059, 0.0, 0.3790687266306002, 0.0, 0.001044504900594323
0.0042580000000000395, 0.37861728817679435, 0.0, 0.3796666670905518, 0.0, 0.0010493789137574483
0.00426790000000004, 0.3792090158614764, 0.0, 0.38026328013383526, 0.0, 0.0010542642723588846
0.00427780000000004, 0.3776309507963866, 0.0, 0.37868113583231394, 0.0, 0.0010501850359273535
0.00428770000000004, 0.3782198754621911, 0.0, 0.3792749269539667, 0.0, 0.0010550514917755938
0.00429760000000004, 0.3788074839606244, 0.0, 0.379867413157542, 0.0, 0.0010599291969176083
0.0043075000000000405, 0.37939377629168675, 0.0, 0.38045859444304, 0.0, 0.0010648181513532307
0.004317400000000041, 0.3777916462736187, 0.0, 0.37885222173677785, 0.0, 0.0010605754631591302
0.004327300000000041, 0.3783751871977537, 0.0, 0.37944063213570506, 0.0, 0.0010654449379513542
0.004337200000000041, 0.3789574343569573, 0.0, 0.3800277599228469, 0.0, 0.001070325565889596
0.004347100000000041, 0.3795383877512295, 0.0, 0.38061360509820025, 0.0, 0.0010752173469707471
0.004357000000000041, 0.3779119765612399, 0.0, 0.3789827854607062, 0.0, 0.001070808899466258
0.004366900000000042, 0.3784902282375788, 0.0, 0.3795659088615991, 0.0, 0.0010756806240203032
0.004376800000000042, 0.37906720835913044, 0.0, 0.3801477717647028, 0.0, 0.0010805634055723878
0.004386700000000042, 0.37741769265549563, 0.0, 0.3784937111409738, 0.0, 0.0010760184854781696
0.004396600000000042, 0.37799199680730317, 0.0, 0.37907287753706415, 0.0, 0.0010808807297609802
0.004406500000000042, 0.37856505142217195, 0.0, 0.37965080535706597, 0.0, 0.0010857539348940182
0.0044164000000000425, 0.379136856500102, 0.0, 0.38022749460097943, 0.0, 0.0010906381008774502
0.004426300000000043, 0.3774625685559187, 0.0, 0.37854849184303613, 0.0, 0.0010859232871174296
0.004436200000000043, 0.37803174369948184, 0.0, 0.37912253003842333, 0.0, 0.0010907863389414962
0.004446100000000043, 0.3785996911316591, 0.0, 0.3796953513871304, 0.0, 0.001095660255471309
0.004456000000000043, 0.37916641085245045, 0.0, 0.380266955889154, 0.0, 0.0011005450367035374
0.0044659000000000434, 0.37746710156622454, 0.0, 0.3785627595879546, 0.0, 0.0010956580217300615
0.004475800000000044, 0.37803123546506995, 0.0, 0.37913175657698933, 0.0, 0.0011005211119193836
0.004485700000000044, 0.3785941632857868, 0.0, 0.3796995582564501, 0.0, 0.0011053949706632538
0.004495600000000044, 0.37915588502837494, 0.0, 0.380266164626337, 0.0, 0.0011102795979620605
0.004505500000000044, 0.37743129376087486, 0.0, 0.3785365118351027, 0.0, 0.0011052180742278095
0.004515400000000044, 0.37799047187098195, 0.0, 0.3791005523045755, 0.0, 0.0011100804335935632
0.0045253000000000446, 0.37854846534392195, 0.0, 0.37966341880929105, 0.0, 0.0011149534653691062
0.004535200000000045, 0.379105274179695, 0.0, 0.38022511134924686, 0.0, 0.001119837169551885
0.004545100000000045, 0.37966089837830097, 0.0, 0.38078562992444226, 0.0, 0.0011247315461412888
0.004555000000000045, 0.3779094342237525, 0.0, 0.3790288939126277, 0.0, 0.0011194596888751684
0.004564900000000045, 0.37846257630505203, 0.0, 0.37958690742955215, 0.0, 0.0011243311245001109
0.0045748000000000455, 0.37901455499785053, 0.0, 0.38014376813423467, 0.0, 0.001129213136384144
0.004584700000000046, 0.37956537030214804, 0.0, 0.38069947602667525, 0.0, 0.0011341057245272124
0.004594600000000046, 0.3777880853695371, 0.0, 0.3789167396322007, 0.0, 0.0011286542626635643
0.004604500000000046, 0.37833645670778493, 0.0, 0.37946998004074006, 0.0, 0.001133523332955133
0.004614400000000046, 0.378883685713902, 0.0, 0.3800220885972602, 0.0, 0.0011384028833582027
0.004624300000000046, 0.3794297723878886, 0.0, 0.380573065301761, 0.0, 0.0011432929138723846
0.004634200000000047, 0.3776263696941117, 0.0, 0.37876402923398106, 0.0, 0.0011376595398693845
0.004644100000000047, 0.37817004863034903, 0.0, 0.37931257410599445, 0.0, 0.0011425254756454173
0.004654000000000047, 0.3787126060985306, 0.0, 0.37986000789391544, 0.0, 0.0011474017953848614
0.004663900000000047, 0.3792540420986562, 0.0, 0.38040633059774404, 0.0, 0.001152288499087828
0.004673800000000047, 0.3774242131228724, 0.0, 0.37857068402826466, 0.0, 0.0011464709053922717
0.0046837000000000475, 0.3779632756905933, 0.0, 0.3791146086280633, 0.0, 0.0011513329374699954
0.004693600000000048, 0.3785012374620374, 0.0, 0.3796574427194007, 0.0, 0.0011562052573633186
0.004703500000000048, 0.37903809843720493, 0.0, 0.3801991863022776, 0.0, 0.0011610878650726852
0.004713400000000048, 0.37957385861609577, 0.0, 0.38073983937669287, 0.0, 0.0011659807605970962
0.004723300000000048, 0.377716043045987, 0.0, 0.3788759841493272, 0.0, 0.001159941103340223
0.0047332000000000485, 0.3782494826543447, 0.0, 0.37941429130854976, 0.0, 0.0011648086542050406
0.004743100000000049, 0.3787818419459092, 0.0, 0.379951528342647, 0.0, 0.0011696863967378124
0.004753000000000049, 0.37931312092068065, 0.0, 0.38048769525161913, 0.0, 0.0011745743309384826
0.004762900000000049, 0.37742823739361997, 0.0, 0.3785965827517749, 0.0, 0.0011683453581549097
0.004772800000000049, 0.37795722606499466, 0.0, 0.3791304334358034, 0.0, 0.0011732073708087265
0.004782700000000049, 0.378485154706764, 0.0, 0.3796632341857468, 0.0, 0.0011780794789827964
0.00479260000000005, 0.37901202331892814, 0.0, 0.380194985001605, 0.0, 0.0011829616826768419
0.00480250000000005, 0.37953783190148704, 0.0, 0.38072568588337785, 0.0, 0.0011878539818908074
0.00481240000000005, 0.3776243336231502, 0.0, 0.37880573041523574, 0.0, 0.001181396792085565
0.00482230000000005, 0.37814790034138474, 0.0, 0.3793341628381031, 0.0, 0.0011862624967183821
0.00483220000000005, 0.37867042712490634, 0.0, 0.3798615653256298, 0.0, 0.0011911382007234739
0.0048421000000000505, 0.37919191397371493, 0.0, 0.38038793787781267, 0.0, 0.0011960239040977316
0.004852000000000051, 0.37971236088781063, 0.0, 0.3809132804946578, 0.0, 0.0012009196068471506
0.004861900000000051, 0.37776992401100734, 0.0, 0.37896415484585144, 0.0, 0.001194230834844101
0.004871800000000051, 0.3782881751923037, 0.0, 0.3794872744622812, 0.0, 0.0011990992699775216
0.004881700000000051, 0.3788054063414838, 0.0, 0.38000938394981904, 0.0, 0.0012039776083352383
0.0048916000000000515, 0.37932161745854753, 0.0, 0.3805304833084651, 0.0, 0.0012088658499175842
0.004901500000000052, 0.37983680854349505, 0.0, 0.381050572538219, 0.0, 0.0012137639947239487
0.004911400000000052, 0.37786509191442913, 0.0, 0.379071932189779, 0.0, 0.0012068402753498964
0.004921300000000052, 0.3783781310905549, 0.0, 0.3795898415700581, 0.0, 0.0012117104795031919
0.004931200000000052, 0.37889016994486546, 0.0, 0.38010676043560115, 0.0, 0.0012165904907356917
0.004941100000000052, 0.3794012084773607, 0.0, 0.38062268878640565, 0.0, 0.0012214803090449533
0.004951000000000053, 0.3774009832242122, 0.0, 0.37861533982595263, 0.0, 0.0012143566017404073
0.004960900000000053, 0.37790989184631035, 0.0, 0.3791291097488222, 0.0, 0.0012192179025118377
0.004970800000000053, 0.3784178196645988, 0.0, 0.37964190857881114, 0.0, 0.001224088914212329
0.004980700000000053, 0.3789247666790774, 0.0, 0.380153736315919, 0.0, 0.0012289696368416037
0.004990600000000053, 0.3794307328897461, 0.0, 0.3806645929601457, 0.0, 0.001233860070399606
0.0050005000000000535, 0.37740047377375274, 0.0, 0.37862696903601645, 0.0, 0.0012264952622637049
0.005010400000000054, 0.3779043494752027, 0.0, 0.37913570598044966, 0.0, 0.0012313565052469722
0.005020300000000054, 0.3784072636985527, 0.0, 0.3796434910615666, 0.0, 0.0012362273630138754
0.005030200000000054, 0.3789092164438027, 0.0, 0.3801503242793643, 0.0, 0.0012411078355615834
0.005040100000000054, 0.3794102077109527, 0.0, 0.3806562056338432, 0.0, 0.0012459979228905405
0.0050500000000000544, 0.37991023750000275, 0.0, 0.3811611351250031, 0.0, 0.0012508976250003578
0.005059900000000055, 0.3778484616253148, 0.0, 0.37909171049778706, 0.0, 0.0012432488724722357
0.005069800000000055, 0.3783464571321911, 0.0, 0.3795945757470185, 0.0, 0.001248118614827376
0.005079700000000055, 0.37884351029438157, 0.0, 0.38009650817019724, 0.0, 0.0012529978758156757
0.005089600000000055, 0.3793396211118863, 0.0, 0.38059750776732065, 0.0, 0.0012578866554343593
0.005099500000000055, 0.3798347895847051, 0.0, 0.3810975745383942, 0.0, 0.001262784953689089
0.0051094000000000556, 0.37774219627651245, 0.0, 0.37899708406960886, 0.0, 0.0012548877930964042
0.005119300000000056, 0.3782353650609454, 0.0, 0.379495120519507, 0.0, 0.0012597554585616066
0.005129200000000056, 0.3787276104418111, 0.0, 0.37999224298832346, 0.0, 0.0012646325465123787
0.005139100000000056, 0.37921893241910953, 0.0, 0.3804884514760579, 0.0, 0.0012695190569483872
0.005149000000000056, 0.37970933099284077, 0.0, 0.38098374598271056, 0.0, 0.0012744149898697987
0.0051589000000000565, 0.3775854925643182, 0.0, 0.37885175862035736, 0.0, 0.0012662660560391337
0.005168800000000057, 0.3780739237359039, 0.0, 0.37934505441903776, 0.0, 0.0012711306831338365
0.005178700000000057, 0.3785614502527453, 0.0, 0.37983745488931403, 0.0, 0.0012760046365687394
0.005188600000000057, 0.37904807211484237, 0.0, 0.3803289600311837, 0.0, 0.0012808879163413445
0.005198500000000057, 0.37953378932219517, 0.0, 0.38081956984464654, 0.0, 0.001285780522451374
0.005208400000000057, 0.37737826077991193, 0.0, 0.37865563723012124, 0.0, 0.001277376450209311
0.005218300000000058, 0.37786204056381206, 0.0, 0.3791442776412728, 0.0, 0.001282237077460724
0.005228200000000058, 0.3783449342494953, 0.0, 0.37963204118439714, 0.0, 0.0012871069349018605
0.005238100000000058, 0.37882694183696153, 0.0, 0.3801189278594943, 0.0, 0.0012919860225327762
0.005248000000000058, 0.37930806332621086, 0.0, 0.3806049376665617, 0.0, 0.001296874340350862
0.005257900000000058, 0.3797882987172432, 0.0, 0.3810900706056042, 0.0, 0.001301771888361003
0.0052678000000000585, 0.37759959410707233, 0.0, 0.3788926615375236, 0.0, 0.0012930674304512668
0.005277700000000059, 0.3780779381100292, 0.0, 0.3793758703404497, 0.0, 0.0012979322304204621
0.005287600000000059, 0.37855541437900087, 0.0, 0.3798582205434326, 0.0, 0.0013028061644317357
0.005297500000000059, 0.3790320229139872, 0.0, 0.38033971214647194, 0.0, 0.0013076892324847544
0.005307400000000059, 0.37950776371498834, 0.0, 0.38082034514956814, 0.0, 0.001312581434579796
0.0053173000000000595, 0.3799826367820042, 0.0, 0.381300119552721, 0.0, 0.0013174827707167491
0.00532720000000006, 0.3777603086679721, 0.0, 0.3790687819800163, 0.0, 0.0013084733120442005
0.00533710000000006, 0.3782333336901511, 0.0, 0.37954667482110593, 0.0, 0.001313341130954826
0.00534700000000006, 0.37870550915028084, 0.0, 0.3800237271380431, 0.0, 0.0013182179877622713
0.00535690000000006, 0.3791768350483615, 0.0, 0.3804999389308254, 0.0, 0.001323103882463872
0.00536680000000006, 0.37964731138439295, 0.0, 0.3809753101994526, 0.0, 0.0013279988150596278
0.005376700000000061, 0.37739186391260615, 0.0, 0.378710586881288, 0.0, 0.0013187229686818513
0.005386600000000061, 0.37786051487526007, 0.0, 0.3791840985862794, 0.0, 0.001323583711019316
0.005396500000000061, 0.3783283342555052, 0.0, 0.37965678765060823, 0.0, 0.001328453395103013
0.005406400000000061, 0.3787953220533417, 0.0, 0.38012865407427465, 0.0, 0.0013333320209329425
0.005416300000000061, 0.37926147826876955, 0.0, 0.3805996978572763, 0.0, 0.0013382195885067727
0.0054262000000000615, 0.37972680290178873, 0.0, 0.38106991899961823, 0.0, 0.0013431160978294998
0.005436100000000062, 0.3774367441948326, 0.0, 0.3787702708883673, 0.0, 0.0013335266935347034
0.005446000000000062, 0.3779002816057309, 0.0, 0.3792386698491468, 0.0, 0.0013383882434158667
0.005455900000000062, 0.37836300522156535, 0.0, 0.37970626386046163, 0.0, 0.001343258638896283
0.005465800000000062, 0.37882491504233595, 0.0, 0.3801730529223111, 0.0, 0.0013481378799751753
0.0054757000000000625, 0.3792860110680428, 0.0, 0.38063903703469526, 0.0, 0.0013530259666524325
0.005485600000000063, 0.37974629329868576, 0.0, 0.3811042161976142, 0.0, 0.001357922898928443
0.005495500000000063, 0.3774211057326853, 0.0, 0.378769121054303, 0.0, 0.0013480153216177126
0.005505400000000063, 0.37787963620032555, 0.0, 0.3792325127255958, 0.0, 0.0013528765252702746
0.005515300000000063, 0.3783373704679512, 0.0, 0.37969511694632485, 0.0, 0.001357746478373667
0.005525200000000063, 0.3787943085355622, 0.0, 0.38015693371648995, 0.0, 0.001362625180927779
0.005535100000000064, 0.3792504504031586, 0.0, 0.380617963036091, 0.0, 0.0013675126329324439
0.005545000000000064, 0.3797057960707404, 0.0, 0.38107820490512817, 0.0, 0.0013724088343877727
0.005554900000000064, 0.38016034553830763, 0.0, 0.38153765932360156, 0.0, 0.0013773137852939321
0.005564800000000064, 0.3777985644641309, 0.0, 0.3791656026367527, 0.0, 0.0013670381726217928
0.005574700000000064, 0.37825141233842846, 0.0, 0.37962331886800277, 0.0, 0.0013719065295743071
0.0055846000000000645, 0.3787034814154649, 0.0, 0.3800802649552922, 0.0, 0.0013767835398272865
0.005594500000000065, 0.3791547716952405, 0.0, 0.380536440898626, 0.0, 0.001381669203385505
0.005604400000000065, 0.379605283177755, 0.0, 0.3809918466980019, 0.0, 0.0013865635202469084
0.005614300000000065, 0.3800550158630084, 0.0, 0.3814464823534195, 0.0, 0.0013914664904111085
0.005624200000000065, 0.37765701066638013, 0.0, 0.3790378734678817, 0.0, 0.00138086280150157
0.0056341000000000654, 0.378105071640909, 0.0, 0.37949080004943875, 0.0, 0.0013857284085297406
0.005644000000000066, 0.3785523710286349, 0.0, 0.3799429736013478, 0.0, 0.0013906025727128957
0.005653900000000066, 0.37899890882955783, 0.0, 0.38039439412360865, 0.0, 0.0013954852940508133
0.005663800000000066, 0.3794446850436778, 0.0, 0.3808450616162197, 0.0, 0.0014003765725419393
0.005673700000000066, 0.3798896996709946, 0.0, 0.381294976079185, 0.0, 0.0014052764081903812
0.005683600000000066, 0.37745487754045226, 0.0, 0.3788492175684013, 0.0, 0.001394340027949026
0.0056935000000000666, 0.37789824764745095, 0.0, 0.3792974493787298, 0.0, 0.0013992017312788319
0.005703400000000067, 0.37834087318580906, 0.0, 0.3797449450814251, 0.0, 0.0014040718956160325
0.005713300000000067, 0.37878275415552654, 0.0, 0.380191704676487, 0.0, 0.0014089505209604614
0.005723200000000067, 0.37922389055660327, 0.0, 0.38063772816391545, 0.0, 0.001413837607312174
0.005733100000000067, 0.37966428238903943, 0.0, 0.3810830155437106, 0.0, 0.0014187331546711701
0.0057430000000000675, 0.38010392965283496, 0.0, 0.3815275668158699, 0.0, 0.001423637163034952
0.005752900000000068, 0.3776307980942582, 0.0, 0.37904311420811676, 0.0, 0.0014123161138585583
0.005762800000000068, 0.37806884216187014, 0.0, 0.37948602328644593, 0.0, 0.0014171811245757837
0.005772700000000068, 0.3785061584867081, 0.0, 0.3799282129868607, 0.0, 0.001422054500152592
0.005782600000000068, 0.3789427470687721, 0.0, 0.3803696833093612, 0.0, 0.001426936240589094
0.005792500000000068, 0.3793786079080624, 0.0, 0.3808104342539471, 0.0, 0.0014318263458847347
0.005802400000000069, 0.37981374100457865, 0.0, 0.3812504658206187, 0.0, 0.0014367248160400692
0.005812300000000069, 0.38024814635832116, 0.0, 0.38168977800937587, 0.0, 0.001441631651054709
0.005822200000000069, 0.3777360906958471, 0.0, 0.3791660105714757, 0.0, 0.0014299198756285714
0.005832100000000069, 0.3781689311008104, 0.0, 0.3796037179484747, 0.0, 0.0014347868476642933
0.005842000000000069, 0.37860106039657104, 0.0, 0.3800407224849825, 0.0, 0.001439662088411453
0.0058519000000000695, 0.37903247858312883, 0.0, 0.3804770241809992, 0.0, 0.0014445455978703836
0.00586180000000007, 0.37946318566048387, 0.0, 0.38091262303652484, 0.0, 0.001449437376040974
0.00587170000000007, 0.3798931816286362, 0.0, 0.3813475190515594, 0.0, 0.0014543374229231687
0.00588160000000007, 0.3803224664875858, 0.0, 0.3817817122261027, 0.0, 0.0014592457385169122
0.00589150000000007, 0.3777708397396874, 0.0, 0.37921797691922143, 0.0, 0.0014471371795340415
0.0059014000000000705, 0.3781985948205326, 0.0, 0.37965059958735103, 0.0, 0.0014520047668184488
0.005911300000000071, 0.37862565523345043, 0.0, 0.3800825357601148, 0.0, 0.0014568805266643725
0.005921200000000071, 0.37905202097844104, 0.0, 0.3805137854375176, 0.0, 0.0014617644590765866
0.005931100000000071, 0.3794776920555044, 0.0, 0.38094434861955706, 0.0, 0.0014666565640526485
0.005941000000000071, 0.37990266846464055, 0.0, 0.3813742253062329, 0.0, 0.0014715568415923364
0.005950900000000071, 0.3803269502058494, 0.0, 0.38180341549754565, 0.0, 0.0014764652916962606
0.005960800000000072, 0.37773507308533555, 0.0, 0.3791990269771773, 0.0, 0.0014639538918417294
0.005970700000000072, 0.3781578571423847, 0.0, 0.3796266778906905, 0.0, 0.001468820748305788
0.005980600000000072, 0.37857996278048656, 0.0, 0.38005365846167233, 0.0, 0.0014736956811857715
0.005990500000000072, 0.379001389999641, 0.0, 0.3804799686901205, 0.0, 0.001478578690479515
0.006000400000000072, 0.37942213879984815, 0.0, 0.38090560857603983, 0.0, 0.0014834697761916815
0.0060103000000000725, 0.37984220918110795, 0.0, 0.38133057811942767, 0.0, 0.0014883689383197174
0.006020200000000073, 0.3802616011434204, 0.0, 0.3817548773202845, 0.0, 0.0014932761768641223
0.006030100000000073, 0.3776287620574355, 0.0, 0.3791091179362619, 0.0, 0.0014803558788263893
0.006040000000000073, 0.3780466853528031, 0.0, 0.37953190601120346, 0.0, 0.0014852206584003436
0.006049900000000073, 0.37846394628590757, 0.0, 0.3799540397041503, 0.0, 0.0014900934182427439
0.0060598000000000735, 0.3788805448567489, 0.0, 0.38037551901510236, 0.0, 0.0014949741583534792
0.006069700000000074, 0.37929648106532715, 0.0, 0.3807963439440572, 0.0, 0.0014998628787300516
0.006079600000000074, 0.3797117549116424, 0.0, 0.3812165144910194, 0.0, 0.001504759579377013
0.006089500000000074, 0.38012636639569447, 0.0, 0.38163603065598684, 0.0, 0.0015096642602923649
0.006099400000000074, 0.37745182144571915, 0.0, 0.3789481504524785, 0.0, 0.0014963290067593338
0.006109300000000074, 0.3778649902033113, 0.0, 0.37936618056668564, 0.0, 0.0015011903633743162
0.006119200000000075, 0.37827751246302904, 0.0, 0.3797835720671388, 0.0, 0.0015060596041097662
0.006129100000000075, 0.37868938822487225, 0.0, 0.38020032495383793, 0.0, 0.0015109367289656839
0.006139000000000075, 0.3791006174888411, 0.0, 0.380616439226783, 0.0, 0.0015158217379419026
0.006148900000000075, 0.3795112002549355, 0.0, 0.38103191488597393, 0.0, 0.0015207146310384223
0.006158800000000075, 0.37992113652315546, 0.0, 0.3814467519314088, 0.0, 0.0015256154082533557
0.0061687000000000755, 0.38033042629350094, 0.0, 0.3818609503630918, 0.0, 0.0015305240695908662
0.006178600000000076, 0.3776126259105209, 0.0, 0.37912934164002055, 0.0, 0.0015167157294996292
0.006188500000000076, 0.37802051149025445, 0.0, 0.3795420915953131, 0.0, 0.0015215801050586508
0.006198400000000076, 0.3784277662442066, 0.0, 0.379954218512797, 0.0, 0.0015264522685903836
0.006208300000000076, 0.37883439017237736, 0.0, 0.3803657223924719, 0.0, 0.00153133222009455
0.0062182000000000764, 0.37924038327476667, 0.0, 0.3807766032343383, 0.0, 0.0015362199595716497
0.006228100000000077, 0.3796457455513746, 0.0, 0.3811868610383952, 0.0, 0.0015411154870206278
0.006238000000000077, 0.38005047700220107, 0.0, 0.3815964958046422, 0.0, 0.0015460188024411514
0.006247900000000077, 0.3804545776272462, 0.0, 0.38200550753308216, 0.0, 0.0015509299058359405
0.006257800000000077, 0.37769273701107514, 0.0, 0.3792293777984364, 0.0, 0.0015366407873612653
0.006267700000000077, 0.3780954685200351, 0.0, 0.3796369751635346, 0.0, 0.0015415066434995017
0.0062776000000000776, 0.37849758468301115, 0.0, 0.3800439648744736, 0.0, 0.0015463801914624709
0.006287500000000078, 0.3788990855000032, 0.0, 0.3804503469312536, 0.0, 0.0015512614312504502
0.006297400000000078, 0.37929997097101115, 0.0, 0.38085612133387425, 0.0, 0.0015561503628631068
0.006307300000000078, 0.3797002410960351, 0.0, 0.3812612880823357, 0.0, 0.0015610469863006071
0.006317200000000078, 0.38009989587507514, 0.0, 0.3816658471766358, 0.0, 0.0015659513015606752
0.0063271000000000785, 0.3804989353081311, 0.0, 0.3820697986167788, 0.0, 0.0015708633086476964
0.006337000000000079, 0.3776922281227287, 0.0, 0.37924831384269375, 0.0, 0.0015560857199650724
0.006346900000000079, 0.3780899300529053, 0.0, 0.3796508815712228, 0.0, 0.0015609515183174771
0.006356800000000079, 0.37848703192459965, 0.0, 0.3800528568369467, 0.0, 0.0015658249123470247
0.006366700000000079, 0.3788835337378118, 0.0, 0.38045423963986535, 0.0, 0.0015707059020535485
0.006376600000000079, 0.3792794354925418, 0.0, 0.38085502997997867, 0.0, 0.0015755944874368821
0.00638650000000008, 0.3796747371887895, 0.0, 0.38125522785728677, 0.0, 0.0015804906684972475
0.00639640000000008, 0.3800694388265551, 0.0, 0.3816548332717873, 0.0, 0.0015853944452322022
0.00640630000000008, 0.3804635404058384, 0.0, 0.3820538462234846, 0.0, 0.001590305817646187
0.00641620000000008, 0.3776110987793103, 0.0, 0.37918613084624175, 0.0, 0.0015750320669314366
0.00642610000000008, 0.37800389100759874, 0.0, 0.37958378727673203, 0.0, 0.0015798962691332963
0.0064360000000000805, 0.37839609827261117, 0.0, 0.3799808662434752, 0.0, 0.0015847679708640428
0.006445900000000081, 0.37878772057434756, 0.0, 0.38037736774647163, 0.0, 0.0015896471721240646
0.006455800000000081, 0.3791787579128079, 0.0, 0.3807732917857212, 0.0, 0.0015945338729133063
0.006465700000000081, 0.37956921028799223, 0.0, 0.381168638361224, 0.0, 0.0015994280732317678
0.006475600000000081, 0.37995907769990045, 0.0, 0.3815634074729798, 0.0, 0.0016043297730793382
0.0064855000000000815, 0.3803483601485327, 0.0, 0.3819575991209866, 0.0, 0.001609238972453908
0.006495400000000082, 0.3774492746731308, 0.0, 0.3790427360410117, 0.0, 0.0015934613678809106
0.006505300000000082, 0.3778372724613315, 0.0, 0.3794355948968984, 0.0, 0.0015983224355669012
0.006515200000000082, 0.3782247001891667, 0.0, 0.3798278910958009, 0.0, 0.0016031909066341887
0.006525100000000082, 0.3786115578566364, 0.0, 0.38021962463771936, 0.0, 0.0016080667810829397
0.006535000000000082, 0.3789978454637407, 0.0, 0.3806107955226536, 0.0, 0.0016129500589128765
0.006544900000000083, 0.37938356301047943, 0.0, 0.3810014037506038, 0.0, 0.0016178407401243877
0.006554800000000083, 0.37976871049685273, 0.0, 0.38139144932156993, 0.0, 0.0016227388247171959
0.006564700000000083, 0.3801532879228605, 0.0, 0.3817809322355498, 0.0, 0.0016276443126893025
0.006574600000000083, 0.3805372952885028, 0.0, 0.3821698524925477, 0.0, 0.0016325572040449265
0.006584500000000083, 0.3775899216498012, 0.0, 0.3792061332070404, 0.0, 0.0016162115572391778
0.0065944000000000835, 0.37797268029486913, 0.0, 0.37959375555414715, 0.0, 0.0016210752592780153
0.006604300000000084, 0.3783548835901865, 0.0, 0.37998082985873693, 0.0, 0.0016259462685504489
0.006614200000000084, 0.3787365315357534, 0.0, 0.38036735612080963, 0.0, 0.0016308245850562564
0.006624100000000084, 0.3791176241315696, 0.0, 0.3807533343403654, 0.0, 0.0016357102087958264
0.006634000000000084, 0.3794981613776352, 0.0, 0.38113876451740414, 0.0, 0.001640603139768937
0.0066439000000000845, 0.3798781432739503, 0.0, 0.38152364665192373, 0.0, 0.001645503377973423
0.006653800000000085, 0.3802575698205149, 0.0, 0.3819079807439285, 0.0, 0.0016504109234136144
0.006663700000000085, 0.3806364410173289, 0.0, 0.38229176679341637, 0.0, 0.0016553257760874573
0.006673600000000085, 0.37763980736880326, 0.0, 0.379278209937219, 0.0, 0.0016384025684157422
0.006683500000000085, 0.3780174619389876, 0.0, 0.3796607291131345, 0.0, 0.0016432671741468674
0.006693400000000085, 0.3783945756777407, 0.0, 0.3800427146687045, 0.0, 0.0016481389909637767
0.006703300000000086, 0.3787711485850626, 0.0, 0.3804241666039291, 0.0, 0.00165301801886647
0.006713200000000086, 0.37914718066095326, 0.0, 0.3808050849188086, 0.0, 0.001657904257855336
0.006723100000000086, 0.3795226719054126, 0.0, 0.38118546961334154, 0.0, 0.0016627977079289313
0.006733000000000086, 0.37989762231844076, 0.0, 0.38156532068752763, 0.0, 0.0016676983690868674
0.006742900000000086, 0.3802720319000376, 0.0, 0.38194463814137003, 0.0, 0.0016726062413324194
0.0067528000000000865, 0.38064590065020326, 0.0, 0.3823234219748671, 0.0, 0.001677521324663811
0.006762700000000087, 0.37759898322551166, 0.0, 0.37925899426300475, 0.0, 0.001660011037493081
0.006772600000000087, 0.37797166359708, 0.0, 0.379636538413336, 0.0, 0.00166487481625599
0.006782500000000087, 0.3783438174632408, 0.0, 0.38001356317319734, 0.0, 0.0016697457099565383
0.006792400000000087, 0.37871544482399394, 0.0, 0.3803900685425893, 0.0, 0.001674623718595336
0.0068023000000000874, 0.37908654567933964, 0.0, 0.3807660545215118, 0.0, 0.0016795088421721616
0.006812200000000088, 0.3794571200292778, 0.0, 0.3811415211099624, 0.0, 0.0016844010806846277
0.006822100000000088, 0.37982716787380827, 0.0, 0.3815164683079455, 0.0, 0.0016893004341372309
0.006832000000000088, 0.38019668921293126, 0.0, 0.3818908961154589, 0.0, 0.0016942069025276396
0.006841900000000088, 0.3805656840466467, 0.0, 0.3822648045325027, 0.0, 0.0016991204858560205
0.006851800000000088, 0.3774674071596299, 0.0, 0.37914842076018307, 0.0, 0.0016810136005531717
0.0068617000000000886, 0.37783523801686797, 0.0, 0.3795211128385551, 0.0, 0.0016858748216871389
0.006871600000000089, 0.37820255650242657, 0.0, 0.37989329956403783, 0.0, 0.0016907430616112662
0.006881500000000089, 0.37856936261630564, 0.0, 0.3802649809366312, 0.0, 0.0016956183203255537
0.006891400000000089, 0.3789356563585053, 0.0, 0.3806361569563331, 0.0, 0.0017005005978278365
0.006901300000000089, 0.37930143772902536, 0.0, 0.38100682762314764, 0.0, 0.0017053898941222778
0.0069112000000000895, 0.379666706727866, 0.0, 0.38137699293707295, 0.0, 0.0017102862092069349
0.00692110000000009, 0.38003146335502713, 0.0, 0.38174665289810894, 0.0, 0.0017151895430818076
0.00693100000000009, 0.3803957076105088, 0.0, 0.38211580750625546, 0.0, 0.001720099895746674
0.00694090000000009, 0.38075943949431096, 0.0, 0.3824844567615126, 0.0, 0.001725017267201645
0.00695080000000009, 0.37760804449040203, 0.0, 0.37931428831692465, 0.0, 0.0017062438265226243
0.00696070000000009, 0.37797064689536686, 0.0, 0.37968175457737646, 0.0, 0.001711107682009605
0.006970600000000091, 0.3783327508700846, 0.0, 0.38004872933022144, 0.0, 0.0017159784601368244
0.006980500000000091, 0.3786943564145553, 0.0, 0.3804152125754636, 0.0, 0.001720856160908335
0.006990400000000091, 0.379055463528779, 0.0, 0.38078120431310114, 0.0, 0.0017257407843221384
0.007000300000000091, 0.37941607221275564, 0.0, 0.3811467045431338, 0.0, 0.001730632330378179
0.007010200000000091, 0.3797761824664852, 0.0, 0.38151171326556194, 0.0, 0.0017355307990767344
0.0070201000000000915, 0.38013579428996774, 0.0, 0.3818762304803854, 0.0, 0.001740436190417638
0.007030000000000092, 0.3804949076832033, 0.0, 0.3822402561876039, 0.0, 0.0017453485044005568
0.007039900000000092, 0.3808535226461918, 0.0, 0.38260379038721776, 0.0, 0.0017502677410259349
0.007049800000000092, 0.3776478492864589, 0.0, 0.3793786654936928, 0.0, 0.0017308162072339206
0.007059700000000092, 0.37800536503774634, 0.0, 0.37974104581186197, 0.0, 0.0017356807741156222
0.0070696000000000925, 0.37836239610792366, 0.0, 0.3801029482754172, 0.0, 0.0017405521674935254
0.007079500000000093, 0.37871894249699073, 0.0, 0.3804643728843569, 0.0, 0.001745430387366187
0.007089400000000093, 0.3790750042049475, 0.0, 0.38082531963868066, 0.0, 0.0017503154337331628
0.007099300000000093, 0.3794305812317942, 0.0, 0.3811857885383889, 0.0, 0.0017552073065947305
0.007109200000000093, 0.37978567357753057, 0.0, 0.3815457795834813, 0.0, 0.0017601060059507234
0.007119100000000093, 0.3801402812421568, 0.0, 0.3819052927739581, 0.0, 0.0017650115318013082
0.007129000000000094, 0.3804944042256729, 0.0, 0.3822643281098193, 0.0, 0.0017699238841464293
0.007138900000000094, 0.3808480425280786, 0.0, 0.3826228855910627, 0.0, 0.0017748430629841438
0.007148800000000094, 0.3775868671160354, 0.0, 0.37934156901437716, 0.0, 0.0017547018983417595
0.007158700000000094, 0.37793943224337284, 0.0, 0.3796989974970387, 0.0, 0.0017595652536658846
0.007168600000000094, 0.3782915262464413, 0.0, 0.38005596158577787, 0.0, 0.0017644353393365675
0.0071785000000000945, 0.3786431491252408, 0.0, 0.3804124612805947, 0.0, 0.0017693121553539193
0.007188400000000095, 0.3789943008797713, 0.0, 0.38076849658148926, 0.0, 0.00177419570171794
0.007198300000000095, 0.3793449815100329, 0.0, 0.38112406748846156, 0.0, 0.001779085978428685
0.007208200000000095, 0.37969519101602534, 0.0, 0.3814791740015119, 0.0, 0.001783982985486543
0.007218100000000095, 0.38004492939774887, 0.0, 0.3818338161206373, 0.0, 0.0017888867228884608
0.0072280000000000955, 0.38039419665520335, 0.0, 0.38218799384584273, 0.0, 0.001793797190639379
0.007237900000000096, 0.38074299278838886, 0.0, 0.38254170717712577, 0.0, 0.0017987143887369106
0.007247800000000096, 0.3774250281699941, 0.0, 0.3792029002255013, 0.0, 0.001777872055507168
0.007257700000000096, 0.37777277293424044, 0.0, 0.37955550521055587, 0.0, 0.001782732276315424
0.007267600000000096, 0.37812005993876324, 0.0, 0.37990765907008595, 0.0, 0.0017875991313227035
0.007277500000000096, 0.37846688918356275, 0.0, 0.3802593618040912, 0.0, 0.0017924726205284514
0.007287400000000097, 0.37881326066863874, 0.0, 0.38061061341257235, 0.0, 0.0017973527439336112
0.007297300000000097, 0.37915917439399144, 0.0, 0.38096141389552873, 0.0, 0.001802239501537295
0.007307200000000097, 0.3795046303596206, 0.0, 0.3813117632529589, 0.0, 0.0018071328933382813
0.007317100000000097, 0.37984962856552645, 0.0, 0.38166166148486635, 0.0, 0.001812032919339901
0.007327000000000097, 0.3801941690117089, 0.0, 0.3820111085912491, 0.0, 0.001816939579540211
0.0073369000000000975, 0.38053825169816785, 0.0, 0.38236010457210756, 0.0, 0.001821852873939711
0.007346800000000098, 0.38088187662490347, 0.0, 0.3827086494274413, 0.0, 0.001826772802537846
0.007356700000000098, 0.3775051961549713, 0.0, 0.3793103491526928, 0.0, 0.001805152997721493
0.007366600000000098, 0.3778478004606431, 0.0, 0.3796578151597519, 0.0, 0.0018100146991087973
0.007376500000000098, 0.3781899601788413, 0.0, 0.38000484311738875, 0.0, 0.001814882938547424
0.0073864000000000984, 0.3785316753095663, 0.0, 0.3803514330256013, 0.0, 0.001819757716035042
0.007396300000000099, 0.3788729458528177, 0.0, 0.3806975848843935, 0.0, 0.0018246390315757588
0.007406200000000099, 0.37921377180859567, 0.0, 0.3810432986937632, 0.0, 0.0018295268851675206
0.007416100000000099, 0.3795541531769003, 0.0, 0.38138857445371055, 0.0, 0.001834421276810272
0.007426000000000099, 0.3798940899577314, 0.0, 0.3817334121642355, 0.0, 0.0018393222065041237
0.007435900000000099, 0.3802335821510891, 0.0, 0.38207781182533823, 0.0, 0.0018442296742491315
0.0074458000000000996, 0.38057262975697337, 0.0, 0.38242177343701855, 0.0, 0.0018491436800451844
0.0074557000000001, 0.38091123277538413, 0.0, 0.38276529699927647, 0.0, 0.0018540642238923377
0.0074656000000001, 0.3774744357104623, 0.0, 0.3793060889088128, 0.0, 0.0018316531983504913
0.0074755000000001, 0.3778120442405898, 0.0, 0.3796485585056551, 0.0, 0.0018365142650653143
0.0074854000000001, 0.37814922116319816, 0.0, 0.37999060293688147, 0.0, 0.001841381773683315
0.0074953000000001005, 0.37848596647828747, 0.0, 0.38033222220249197, 0.0, 0.001846255724204493
0.007505200000000101, 0.37882228018585773, 0.0, 0.38067341630248686, 0.0, 0.0018511361166291262
0.007515100000000101, 0.3791581622859089, 0.0, 0.3810141852368658, 0.0, 0.001856022950956937
0.007525000000000101, 0.37949361277844096, 0.0, 0.3813545290056289, 0.0, 0.0018609162271879254
0.007534900000000101, 0.3798286316634538, 0.0, 0.3816944476087762, 0.0, 0.0018658159453223688
0.007544800000000101, 0.38016321894094773, 0.0, 0.3820339410463059, 0.0, 0.001870722105358158
0.007554700000000102, 0.38049737461092253, 0.0, 0.38237300931822155, 0.0, 0.001875634707299012
0.007564600000000102, 0.3808310986733782, 0.0, 0.38271165242452104, 0.0, 0.0018805537511428216
0.007574500000000102, 0.38116439112831485, 0.0, 0.3830498703652055, 0.0, 0.0018854792368906415
0.007584400000000102, 0.3776654592128069, 0.0, 0.37952765528534027, 0.0, 0.0018621960725333508
0.007594300000000102, 0.3779977914848046, 0.0, 0.37986485221988353, 0.0, 0.0018670607350789181
0.0076042000000001025, 0.3783297049369419, 0.0, 0.38020163668032214, 0.0, 0.0018719317433802396
0.007614100000000103, 0.37866119956921884, 0.0, 0.38053800866665566, 0.0, 0.0018768090974368157
0.007624000000000103, 0.37899227538163544, 0.0, 0.38087396817888436, 0.0, 0.001881692797248924
0.007633900000000103, 0.3793229323741917, 0.0, 0.3812095152170063, 0.0, 0.0018865828428146214
0.007643800000000103, 0.3796531705468875, 0.0, 0.3815446497810252, 0.0, 0.001891479234137683
0.0076537000000001035, 0.379982989899723, 0.0, 0.3818793718709392, 0.0, 0.0018963819712161656
0.007663600000000104, 0.38031239043269816, 0.0, 0.3822136814867482, 0.0, 0.0019012910540500694
0.007673500000000104, 0.38064137214581295, 0.0, 0.38254757862845234, 0.0, 0.0019062064826393943
0.007683400000000104, 0.38096993503906734, 0.0, 0.38288106329605154, 0.0, 0.0019111282569841959
0.007693300000000104, 0.37740786070940086, 0.0, 0.37929488592925686, 0.0, 0.001887025219856009
0.007703200000000104, 0.3777354801300114, 0.0, 0.3796273650510891, 0.0, 0.0018918849210777244
0.007713100000000105, 0.37806269332612485, 0.0, 0.3799594441980299, 0.0, 0.0018967508719050508
0.007723000000000105, 0.37838950029774093, 0.0, 0.3802911233700829, 0.0, 0.0019016230723419847
0.007732900000000105, 0.37871590104485986, 0.0, 0.3806224025672463, 0.0, 0.0019065015223864168
0.007742800000000105, 0.37904189556748147, 0.0, 0.38095328178952015, 0.0, 0.0019113862220386801
0.007752700000000105, 0.3793674838656058, 0.0, 0.38128376103690437, 0.0, 0.0019162771712985527
0.0077626000000001055, 0.3796926659392329, 0.0, 0.38161384030939904, 0.0, 0.0019211743701661455
0.007772500000000106, 0.3800174417883628, 0.0, 0.3819435196070039, 0.0, 0.0019260778186411254
0.007782400000000106, 0.38034181141299545, 0.0, 0.38227279892971944, 0.0, 0.001930987516723992
0.007792300000000106, 0.3806657748131308, 0.0, 0.3826016782775435, 0.0, 0.0019359034644126916
0.007802200000000106, 0.380989331988769, 0.0, 0.38293015765047966, 0.0, 0.0019408256617106656
0.0078121000000001065, 0.3813124829399098, 0.0, 0.38325823704852635, 0.0, 0.0019457541086165264
0.007822000000000107, 0.37768459467981147, 0.0, 0.37960527288793916, 0.0, 0.0019206782081276907
0.007831900000000107, 0.37800683905964383, 0.0, 0.37993238219933717, 0.0, 0.001925543139693342
0.007841800000000107, 0.37832868961804633, 0.0, 0.38025910384276457, 0.0, 0.0019304142247182354
0.007851700000000107, 0.37865014635501915, 0.0, 0.3805854378182225, 0.0, 0.0019352914632033702
0.007861600000000107, 0.3789712092705622, 0.0, 0.38091138412571046, 0.0, 0.0019401748551482467
0.007871500000000108, 0.3792918783646755, 0.0, 0.38123694276522835, 0.0, 0.001945064400552865
0.007881400000000108, 0.37961215363735895, 0.0, 0.3815621137367747, 0.0, 0.0019499600994157262
0.007891300000000108, 0.37993203508861273, 0.0, 0.3818868970403529, 0.0, 0.001954861951740161
0.007901200000000108, 0.3802515227184367, 0.0, 0.38221129267596105, 0.0, 0.0019597699575243377
0.007911100000000108, 0.380570616526831, 0.0, 0.3825353006435993, 0.0, 0.0019646841167683116
0.007921000000000109, 0.3808893165137955, 0.0, 0.3828589209432677, 0.0, 0.0019696044294721937
0.007930900000000109, 0.3812076226793302, 0.0, 0.38318215357496593, 0.0, 0.0019745308956357066
0.007940800000000109, 0.37751273293652704, 0.0, 0.3794612673343606, 0.0, 0.0019485343978335457
0.007950700000000109, 0.3778301518370392, 0.0, 0.3797835478396268, 0.0, 0.001953396002587593
0.00796060000000011, 0.3781471891268935, 0.0, 0.3801054527915453, 0.0, 0.0019582636646517937
0.00797050000000011, 0.37846384480608986, 0.0, 0.3804269821901198, 0.0, 0.0019631373840299227
0.00798040000000011, 0.3787801188746283, 0.0, 0.38074813603534835, 0.0, 0.001968017160720037
0.00799030000000011, 0.379096011332509, 0.0, 0.38106891432723106, 0.0, 0.001972902994722081
0.00800020000000011, 0.3794115221797317, 0.0, 0.38138931706576784, 0.0, 0.001977794886036166
0.00801010000000011, 0.3797266514162965, 0.0, 0.3817093442509589, 0.0, 0.001982692834662403
0.00802000000000011, 0.3800413990422035, 0.0, 0.3820289958828041, 0.0, 0.0019875968406005695
0.00802990000000011, 0.38035576505745256, 0.0, 0.38234827196130305, 0.0, 0.0019925069038504994
0.00803980000000011, 0.3806697494620437, 0.0, 0.382667172486455, 0.0, 0.0019974230244113045
0.008049700000000111, 0.38098335225597696, 0.0, 0.3829856974582625, 0.0, 0.002002345202285538
0.008059600000000111, 0.38129657343925233, 0.0, 0.3833038468767243, 0.0, 0.002007273437471979
0.008069500000000111, 0.377532388666573, 0.0, 0.37951265659130573, 0.0, 0.001980267924732715
0.008079400000000111, 0.37784474890990194, 0.0, 0.37982987876619406, 0.0, 0.0019851298562921227
0.008089300000000112, 0.3781567395610493, 0.0, 0.380146737310065, 0.0, 0.001989997749015704
0.008099200000000112, 0.37846836062001504, 0.0, 0.3804632322229185, 0.0, 0.0019948716029034586
0.008109100000000112, 0.3787796120867991, 0.0, 0.38077936350475483, 0.0, 0.0019997514179557196
0.008119000000000112, 0.37909049396140154, 0.0, 0.3810951311555718, 0.0, 0.0020046371941702668
0.008128900000000112, 0.3794010062438223, 0.0, 0.381410535175373, 0.0, 0.002009528931550708
0.008138800000000113, 0.37971114893406144, 0.0, 0.3817255755641569, 0.0, 0.0020144266300954894
0.008148700000000113, 0.38002092203211896, 0.0, 0.3820402523219234, 0.0, 0.002019330289804444
0.008158600000000113, 0.3803303255379948, 0.0, 0.38235456544867236, 0.0, 0.002024239910677572
0.008168500000000113, 0.380639359451689, 0.0, 0.382668514944404, 0.0, 0.00202915549271504
0.008178400000000113, 0.3809480237732016, 0.0, 0.3829821008091182, 0.0, 0.002034077035916626
0.008188300000000114, 0.38125631850253255, 0.0, 0.3832953230428151, 0.0, 0.002039004540282552
0.008198200000000114, 0.3774209529092759, 0.0, 0.3794319241730592, 0.0, 0.002010971263783301
0.008208100000000114, 0.3777284076394592, 0.0, 0.3797442386617626, 0.0, 0.002015831022303405
0.008218000000000114, 0.3780355046036415, 0.0, 0.3800562012494832, 0.0, 0.002020696645841702
0.008227900000000114, 0.37834224380182285, 0.0, 0.3803678119362191, 0.0, 0.0020255681343962495
0.008237800000000114, 0.3786486252340031, 0.0, 0.3806790707219703, 0.0, 0.002030445487967214
0.008247700000000115, 0.3789546489001824, 0.0, 0.380989977606737, 0.0, 0.0020353287065545955
0.008257600000000115, 0.37926031480036065, 0.0, 0.3813005325905191, 0.0, 0.0020402177901584495
0.008267500000000115, 0.3795656229345379, 0.0, 0.3816107356733166, 0.0, 0.0020451127387787205
0.008277400000000115, 0.3798705733027142, 0.0, 0.38192058685512964, 0.0, 0.002050013552415464
0.008287300000000115, 0.38017516590488937, 0.0, 0.38223008613595616, 0.0, 0.0020549202310667924
0.008297200000000116, 0.38047940074106357, 0.0, 0.3825392335157998, 0.0, 0.002059832774736259
0.008307100000000116, 0.38078327781123683, 0.0, 0.382848028994659, 0.0, 0.002064751183422142
0.008317000000000116, 0.38108679711540905, 0.0, 0.38315647257253355, 0.0, 0.002069675457124498
0.008326900000000116, 0.3813899586535802, 0.0, 0.3834645642494233, 0.0, 0.0020746055958431042
0.008336800000000116, 0.37748095477901156, 0.0, 0.37952640553269507, 0.0, 0.0020454507536835087
0.008346700000000117, 0.3777833035084416, 0.0, 0.3798336151166348, 0.0, 0.002050311608193245
0.008356600000000117, 0.3780853061057556, 0.0, 0.38014048433732706, 0.0, 0.002055178231571475
0.008366500000000117, 0.37838696257095356, 0.0, 0.3804470131947703, 0.0, 0.002060050623816756
0.008376400000000117, 0.3786882729040355, 0.0, 0.3807532016889678, 0.0, 0.0020649287849323072
0.008386300000000117, 0.37898923710500154, 0.0, 0.38105904981991795, 0.0, 0.002069812714916408
0.008396200000000117, 0.37928985517385155, 0.0, 0.3813645575876206, 0.0, 0.0020747024137690584
0.008406100000000118, 0.3795901271105856, 0.0, 0.38166972499207585, 0.0, 0.0020795978814902583
0.008416000000000118, 0.37989005291520356, 0.0, 0.38197455203328384, 0.0, 0.002084499118080285
0.008425900000000118, 0.3801896325877055, 0.0, 0.3822790387112443, 0.0, 0.002089406123538806
0.008435800000000118, 0.3804888661280916, 0.0, 0.38258318502595745, 0.0, 0.0020943188978658767
0.008445700000000118, 0.3807877535363616, 0.0, 0.38288699097742196, 0.0, 0.0020992374410603865
0.008455600000000119, 0.3810862948125156, 0.0, 0.38319045656563977, 0.0, 0.0021041617531241674
0.008465500000000119, 0.38138448995655355, 0.0, 0.38349358179061066, 0.0, 0.0021090918340571085
0.008475400000000119, 0.3773997605414622, 0.0, 0.3794785544305898, 0.0, 0.002078793889127628
0.00848530000000012, 0.37769716429829686, 0.0, 0.3797808174457834, 0.0, 0.0020836531474865416
0.00849520000000012, 0.3779942333646048, 0.0, 0.3800827514431712, 0.0, 0.002088518078566415
0.00850510000000012, 0.3782909677403863, 0.0, 0.3803843564227531, 0.0, 0.0020933886823668035
0.00851500000000012, 0.3785873674256411, 0.0, 0.3806856323845292, 0.0, 0.0020982649588880964
0.00852490000000012, 0.37888343242036926, 0.0, 0.38098657932849944, 0.0, 0.0021031469081301823
0.00853480000000012, 0.37917916272457086, 0.0, 0.3812871972546623, 0.0, 0.0021080345300914516
0.00854470000000012, 0.37947455833824584, 0.0, 0.38158748616302096, 0.0, 0.0021129278247751238
0.00855460000000012, 0.3797696192613942, 0.0, 0.3818874460535738, 0.0, 0.002117826792179589
0.00856450000000012, 0.3800643454940159, 0.0, 0.38218707692632087, 0.0, 0.0021227314323049584
0.00857440000000012, 0.38035873703611106, 0.0, 0.382486378781262, 0.0, 0.0021276417451509544
0.008584300000000121, 0.38065279388767964, 0.0, 0.3827853516183974, 0.0, 0.0021325577307177435
0.008594200000000121, 0.38094651604872154, 0.0, 0.38308399543772687, 0.0, 0.0021374793890053256
0.008604100000000121, 0.3812399035192369, 0.0, 0.3833823102392506, 0.0, 0.002142406720013701
0.008614000000000122, 0.38153295629922557, 0.0, 0.3836802960229669, 0.0, 0.002147339723741315
0.008623900000000122, 0.3774698518941528, 0.0, 0.3795856509994256, 0.0, 0.0021157991052728198
0.008633800000000122, 0.37776214018890114, 0.0, 0.37988279984081635, 0.0, 0.0021206596519152132
0.008643700000000122, 0.3780541050424166, 0.0, 0.3801796308175474, 0.0, 0.00212552577513081
0.008653600000000122, 0.3783457464546993, 0.0, 0.3804761439296184, 0.0, 0.00213039747491911
0.008663500000000122, 0.3786370644257491, 0.0, 0.3807723391770297, 0.0, 0.002135274751280558
0.008673400000000123, 0.378928058955566, 0.0, 0.381068216559781, 0.0, 0.0021401576042149872
0.008683300000000123, 0.3792187300441502, 0.0, 0.3813637760778724, 0.0, 0.002145046033722231
0.008693200000000123, 0.3795090776915015, 0.0, 0.3816590177313026, 0.0, 0.0021499400398011237
0.008703100000000123, 0.37979910189761995, 0.0, 0.38195394152007434, 0.0, 0.0021548396224543853
0.008713000000000123, 0.3800888026625056, 0.0, 0.3822485474441863, 0.0, 0.0021597447816806836
0.008722900000000124, 0.3803781799861584, 0.0, 0.3825428355036385, 0.0, 0.002164655517480074
0.008732800000000124, 0.38066723386857826, 0.0, 0.3828368056984305, 0.0, 0.0021695718298522237
0.008742700000000124, 0.38095596430976547, 0.0, 0.3831304580285629, 0.0, 0.00217449371879741
0.008752600000000124, 0.38124437130971967, 0.0, 0.38342379249403535, 0.0, 0.0021794211843156885
0.008762500000000124, 0.3815324548684411, 0.0, 0.38371680909484807, 0.0, 0.002184354226406948
0.008772400000000125, 0.3773886542477069, 0.0, 0.37954020066441485, 0.0, 0.00215154641670795
0.008782300000000125, 0.3776759940696911, 0.0, 0.37983239943688896, 0.0, 0.0021564053671978556
0.008792200000000125, 0.37796302150744066, 0.0, 0.3801242913055553, 0.0, 0.002161269798114651
0.008802100000000125, 0.37824973656095545, 0.0, 0.38041587627041223, 0.0, 0.0021661397094567825
0.008812000000000125, 0.3785361392302356, 0.0, 0.3807071543314596, 0.0, 0.002171015101223972
0.008821900000000125, 0.37882222951528105, 0.0, 0.3809981254886975, 0.0, 0.002175895973416442
0.008831800000000126, 0.37910800741609185, 0.0, 0.3812887897421257, 0.0, 0.002180782326033859
0.008841700000000126, 0.3793934729326679, 0.0, 0.38157914709174456, 0.0, 0.002185674159076667
0.008851600000000126, 0.3796786260650093, 0.0, 0.3818691975375539, 0.0, 0.002190571472544589
0.008861500000000126, 0.379963466813116, 0.0, 0.38215894107955195, 0.0, 0.0021954742664359594
0.008871400000000126, 0.380247995176988, 0.0, 0.38244837771774226, 0.0, 0.0022003825407542754
0.008881300000000127, 0.38053221115662533, 0.0, 0.38273750745212287, 0.0, 0.0022052962954975386
0.008891200000000127, 0.3808161147520279, 0.0, 0.38302633028269417, 0.0, 0.0022102155306662485
0.008901100000000127, 0.3810997059631959, 0.0, 0.38331484620945566, 0.0, 0.002215140246259739
0.008911000000000127, 0.3813829847901291, 0.0, 0.383603055232408, 0.0, 0.0022200704422788986
0.008920900000000127, 0.3816659512328277, 0.0, 0.3838909573515506, 0.0, 0.0022250061187228942
0.008930800000000128, 0.3774385779604465, 0.0, 0.37962940335401063, 0.0, 0.002190825393564133
0.008940700000000128, 0.3777208261261537, 0.0, 0.37991651137390003, 0.0, 0.0021956852477463262
0.008950600000000128, 0.37800277277232874, 0.0, 0.3802033232585368, 0.0, 0.0022005504862080416
0.008960500000000128, 0.37828441789897166, 0.0, 0.38048983900791833, 0.0, 0.00220542110894667
0.008970400000000128, 0.37856576150608234, 0.0, 0.38077605862204517, 0.0, 0.0022102971159628226
0.008980300000000128, 0.3788468035936609, 0.0, 0.3810619821009172, 0.0, 0.002215178507256277
0.008990200000000129, 0.3791275441617073, 0.0, 0.38134760944453433, 0.0, 0.002220065282827033
0.009000100000000129, 0.3794079832102216, 0.0, 0.3816329406528967, 0.0, 0.0022249574426750907
0.009010000000000129, 0.37968812073920366, 0.0, 0.38191797572600433, 0.0, 0.0022298549868006723
0.00901990000000013, 0.3799679567486535, 0.0, 0.382202714663857, 0.0, 0.0022347579152035
0.00902980000000013, 0.3802474912385713, 0.0, 0.38248715746645356, 0.0, 0.002239666227882242
0.00903970000000013, 0.38052672420895695, 0.0, 0.3827713041337968, 0.0, 0.00224457992483984
0.00904960000000013, 0.38080565565981034, 0.0, 0.3830551546658851, 0.0, 0.00224949900607474
0.00905950000000013, 0.3810842855911316, 0.0, 0.38333870906271866, 0.0, 0.0022544234715870526
0.00906940000000013, 0.38136261400292076, 0.0, 0.3836219673242975, 0.0, 0.0022593533213767225
0.00907930000000013, 0.3816406408951778, 0.0, 0.38390492945062143, 0.0, 0.0022642885554436387
0.00908920000000013, 0.3819183662679025, 0.0, 0.38418759544169073, 0.0, 0.0022692291737882453
0.00909910000000013, 0.37760443020290607, 0.0, 0.3798379951083085, 0.0, 0.002233564905402441
0.009109000000000131, 0.37788146689274116, 0.0, 0.38011989476741814, 0.0, 0.002238427874676985
0.009118900000000131, 0.378158212735451, 0.0, 0.3804015088675335, 0.0, 0.002243296132082462
0.009128800000000131, 0.3784346677310356, 0.0, 0.38068283740865305, 0.0, 0.0022481696776174287
0.009138700000000131, 0.378710831879495, 0.0, 0.38096388039077694, 0.0, 0.002253048511281941
0.009148600000000132, 0.3789867051808291, 0.0, 0.3812446378139052, 0.0, 0.0022579326330761096
0.009158500000000132, 0.37926228763503805, 0.0, 0.3815251096780377, 0.0, 0.002262822042999657
0.009168400000000132, 0.37953757924212167, 0.0, 0.3818052959831746, 0.0, 0.0022677167410529164
0.009178300000000132, 0.37981258000208, 0.0, 0.38208519672931557, 0.0, 0.0022726167272355546
0.009188200000000132, 0.3800872899149132, 0.0, 0.3823648119164596, 0.0, 0.002277522001546406
0.009198100000000133, 0.38036170898062105, 0.0, 0.3826441415446094, 0.0, 0.002282432563988357
0.009208000000000133, 0.3806358371992037, 0.0, 0.38292318561376343, 0.0, 0.0022873484145597422
0.009217900000000133, 0.380909674570661, 0.0, 0.3832019441239217, 0.0, 0.0022922695532607285
0.009227800000000133, 0.3811832210949932, 0.0, 0.38348041707508435, 0.0, 0.002297195980091149
0.009237700000000133, 0.3814564767722, 0.0, 0.38375860446725135, 0.0, 0.002302127695051337
0.009247600000000133, 0.38172944160228167, 0.0, 0.3840365063004225, 0.0, 0.0023070646981408482
0.009257500000000134, 0.38200211558523806, 0.0, 0.38431412257459807, 0.0, 0.002312006989360016
0.009267400000000134, 0.37759888141178116, 0.0, 0.37987370953378463, 0.0, 0.0022748281220034694
0.009277300000000134, 0.37787088938330726, 0.0, 0.3801505803206529, 0.0, 0.0022796909373456464
0.009287200000000134, 0.3781426169878193, 0.0, 0.3804271759324891, 0.0, 0.002284558944669779
0.009297100000000134, 0.37841406422531754, 0.0, 0.380703496369293, 0.0, 0.0022894321439754783
0.009307000000000135, 0.3786852310958017, 0.0, 0.38097954163106473, 0.0, 0.002294310535263022
0.009316900000000135, 0.3789561175992719, 0.0, 0.3812553117178042, 0.0, 0.0022991941185322995
0.009326800000000135, 0.3792267237357282, 0.0, 0.38153080662951144, 0.0, 0.0023040828937832547
0.009336700000000135, 0.3794970495051705, 0.0, 0.3818060263661865, 0.0, 0.002308976861015999
0.009346600000000135, 0.37976709490759875, 0.0, 0.3820809709278293, 0.0, 0.002313876020230532
0.009356500000000136, 0.3800368599430132, 0.0, 0.38235564031443847, 0.0, 0.002318780371425244
0.009366400000000136, 0.3803063446114136, 0.0, 0.3826300345260168, 0.0, 0.0023236899146031886
0.009376300000000136, 0.38057554891280004, 0.0, 0.3829041535625629, 0.0, 0.0023286046497628665
0.009386200000000136, 0.3808444728471726, 0.0, 0.38317799742407693, 0.0, 0.0023335245769043333
0.009396100000000136, 0.3811131164145311, 0.0, 0.38345156611055864, 0.0, 0.0023384496960275336
0.009406000000000136, 0.38138147961487573, 0.0, 0.3837248596220081, 0.0, 0.0023433800071323563
0.009415900000000137, 0.3816495624482063, 0.0, 0.38399787795842544, 0.0, 0.0023483155102191344
0.009425800000000137, 0.38191736491452294, 0.0, 0.3842706211198104, 0.0, 0.0023532562052874795
0.009435700000000137, 0.3774219207893815, 0.0, 0.3797364524726004, 0.0, 0.002314531683218879
0.009445600000000137, 0.37768907299308496, 0.0, 0.3800084640686869, 0.0, 0.0023193910756019176
0.009455500000000137, 0.37795595511759, 0.0, 0.38028021068140894, 0.0, 0.0023242555638189333
0.009465400000000138, 0.37822256716289687, 0.0, 0.3805516923107668, 0.0, 0.002329125147869926
0.009475300000000138, 0.3784889091290054, 0.0, 0.38082290895676013, 0.0, 0.002333999827754729
0.009485200000000138, 0.3787549810159156, 0.0, 0.3810938606193892, 0.0, 0.0023388796034736203
0.009495100000000138, 0.37902078282362756, 0.0, 0.38136454729865404, 0.0, 0.0023437644750264885
0.009505000000000138, 0.3792863145521412, 0.0, 0.38163496899455435, 0.0, 0.0023486544424131672
0.009514900000000139, 0.3795515762014566, 0.0, 0.3819051257070891, 0.0, 0.002353549505632546
0.009524800000000139, 0.37981656777157363, 0.0, 0.3821750174362606, 0.0, 0.002358449664686957
0.009534700000000139, 0.38008128926249235, 0.0, 0.3824446441820679, 0.0, 0.0023633549195755665
0.009544600000000139, 0.3803457406742129, 0.0, 0.38271400594451055, 0.0, 0.0023682652702976537
0.00955450000000014, 0.38060992200673505, 0.0, 0.3829831027235893, 0.0, 0.002373180716854273
0.00956440000000014, 0.38087383326005897, 0.0, 0.38325193451930345, 0.0, 0.0023781012592444806
0.00957430000000014, 0.38113747443418466, 0.0, 0.38352050133165333, 0.0, 0.0023830268974686653
0.00958420000000014, 0.3814008455291119, 0.0, 0.3837888031606389, 0.0, 0.0023879576315269935
0.00959410000000014, 0.381663946544841, 0.0, 0.38405684000625867, 0.0, 0.002392893461417689
0.00960400000000014, 0.3819267774813717, 0.0, 0.3843246118685152, 0.0, 0.0023978343871434715
0.00961390000000014, 0.3821893383387041, 0.0, 0.38459211874740756, 0.0, 0.0024027804087034532
0.00962380000000014, 0.3775978632723144, 0.0, 0.379960165901693, 0.0, 0.0023623026293785876
0.00963370000000014, 0.3778598028842484, 0.0, 0.38022696821339763, 0.0, 0.0023671653291492123
0.009643600000000141, 0.3781214825125042, 0.0, 0.38049351554111016, 0.0, 0.0023720330286059466
0.009653500000000141, 0.3783829021570817, 0.0, 0.3807598078848306, 0.0, 0.0023769057277489014
0.009663400000000141, 0.37864406181798105, 0.0, 0.3810258452445589, 0.0, 0.002381783426577855
0.009673300000000142, 0.37890496149520203, 0.0, 0.3812916276202951, 0.0, 0.0023866661250930843
0.009683200000000142, 0.37916560118874487, 0.0, 0.3815571550120378, 0.0, 0.0023915538232929245
0.009693100000000142, 0.37942598089860946, 0.0, 0.3818224274197898, 0.0, 0.0023964465211803176
0.009703000000000142, 0.3796861006247957, 0.0, 0.3820874448435495, 0.0, 0.0024013442187538203
0.009712900000000142, 0.3799459603673038, 0.0, 0.3823522072833173, 0.0, 0.002406246916013488
0.009722800000000142, 0.3802055601261336, 0.0, 0.3826167147390928, 0.0, 0.00241115461295921
0.009732700000000143, 0.38046489990128524, 0.0, 0.3828809672108763, 0.0, 0.002416067309591041
0.009742600000000143, 0.3807239796927586, 0.0, 0.3831449646986677, 0.0, 0.002420985005909093
0.009752500000000143, 0.3809827995005537, 0.0, 0.383408707202467, 0.0, 0.00242590770191331
0.009762400000000143, 0.3812413593246706, 0.0, 0.3836721947222726, 0.0, 0.0024308353976019714
0.009772300000000143, 0.38149965916510925, 0.0, 0.3839354272580877, 0.0, 0.002435768092978463
0.009782200000000144, 0.3817576990218696, 0.0, 0.38419840480991047, 0.0, 0.0024407057880408423
0.009792100000000144, 0.38201547889495174, 0.0, 0.38446112737774146, 0.0, 0.0024456484827897196
0.009802000000000144, 0.3822729987843557, 0.0, 0.38472359496157976, 0.0, 0.0024505961772240403
0.009811900000000144, 0.377582234339091, 0.0, 0.3799905611167563, 0.0, 0.0024083267776652817
0.009821800000000144, 0.3778391543084865, 0.0, 0.38025234343969316, 0.0, 0.002413189131206639
0.009831700000000144, 0.3780958241974282, 0.0, 0.3805138805857147, 0.0, 0.002418056388286516
0.009841600000000145, 0.3783522440059161, 0.0, 0.38077517255481924, 0.0, 0.002422928548903136
0.009851500000000145, 0.3786084137339501, 0.0, 0.38103621934700954, 0.0, 0.0024278056130594416
0.009861400000000145, 0.37886433338153036, 0.0, 0.3812970209622844, 0.0, 0.002432687580754045
0.009871300000000145, 0.3791200029486568, 0.0, 0.3815575774006439, 0.0, 0.0024375744519871123
0.009881200000000145, 0.3793754224353294, 0.0, 0.3818178886620877, 0.0, 0.002442466226758311
0.009891100000000146, 0.37963059184154824, 0.0, 0.3820779547466162, 0.0, 0.0024473629050679735
0.009901000000000146, 0.37988551116731323, 0.0, 0.3823377756542291, 0.0, 0.0024522644869158783
0.009910900000000146, 0.3801401804126244, 0.0, 0.3825973513849266, 0.0, 0.0024571709723022472
0.009920800000000146, 0.3803945995774818, 0.0, 0.3828566819387083, 0.0, 0.0024620823612265252
0.009930700000000146, 0.3806487686618854, 0.0, 0.38311576731557345, 0.0, 0.002466998653688046
0.009940600000000147, 0.3809026876658352, 0.0, 0.3833746075155243, 0.0, 0.0024719198496891415
0.009950500000000147, 0.38115635658933117, 0.0, 0.3836332025385598, 0.0, 0.0024768459492286454
0.009960400000000147, 0.3814097754323732, 0.0, 0.3838915523846798, 0.0, 0.0024817769523066135
0.009970300000000147, 0.3816629441949616, 0.0, 0.3841496570538841, 0.0, 0.0024867128589224907
0.009980200000000147, 0.3819158628770961, 0.0, 0.38440751654617306, 0.0, 0.002491653669076943
0.009990100000000147, 0.3821685314787769, 0.0, 0.3846651308615465, 0.0, 0.0024965993827696376
