1.0E-4, 0.377375, 0.0, 0.3773750000000126, 0.0, 1.2601031329495527E-14
0.0010999, 0.3776064664272924, 0.0, 0.37760646642729373, 0.0, 1.3322676295501878E-15
0.0020997999999999998, 0.3783170131687059, 0.0, 0.37831701316870675, 0.0, 8.326672684688674E-16
0.0030996999999999995, 0.37846886800997853, 0.0, 0.37846886800997925, 0.0, 7.216449660063518E-16
0.004099599999999999, 0.37745202518646365, 0.0, 0.3774520251864642, 0.0, 5.551115123125783E-16
0.005099499999999999, 0.3798347895847023, 0.0, 0.3798347895847029, 0.0, 6.106226635438361E-16
0.006099399999999999, 0.37745182144571604, 0.0, 0.3774518214457165, 0.0, 4.440892098500626E-16
0.0070992999999999985, 0.3794305812317908, 0.0, 0.37943058123179124, 0.0, 4.440892098500626E-16
0.008099199999999999, 0.3784683606200115, 0.0, 0.3784683606200119, 0.0, 3.885780586188048E-16
0.009099099999999999, 0.3776044302029023, 0.0, 0.3776044302029028, 0.0, 4.996003610813204E-16
0.010098999999999999, 0.3798850065237499, 0.0, 0.3798850065237504, 0.0, 4.996003610813204E-16
0.011098899999999998, 0.3826953316333034, 0.0, 0.38269533163330377, 0.0, 3.885780586188048E-16
0.012098799999999998, 0.38149464416173146, 0.0, 0.38149464416173196, 0.0, 4.996003610813204E-16
0.013098699999999998, 0.3828449829142046, 0.0, 0.38284498291420516, 0.0, 5.551115123125783E-16
0.014098599999999998, 0.38119356443629143, 0.0, 0.3811935644362919, 0.0, 4.440892098500626E-16
0.015098499999999997, 0.3840889104596094, 0.0, 0.38408891045960986, 0.0, 4.440892098500626E-16
0.0160984, 0.3849807506476236, 0.0, 0.38498075064762405, 0.0, 4.440892098500626E-16
0.0170983, 0.38389027012720944, 0.0, 0.38389027012720994, 0.0, 4.996003610813204E-16
0.018098200000000002, 0.38079157544237147, 0.0, 0.38079157544237147, 0.0, 0.0
0.019098100000000003, 0.38522789812136604, 0.0, 0.38522789812136576, 0.0, 2.7755575615628914E-16
0.020098000000000005, 0.37862033077375007, 0.0, 0.37862033077374974, 0.0, 3.3306690738754696E-16
0.021097900000000006, 0.3805903455054116, 0.0, 0.38059034550541143, 0.0, 1.6653345369377348E-16
0.022097800000000008, 0.38154468949952347, 0.0, 0.3815446894995232, 0.0, 2.7755575615628914E-16
0.02309770000000001, 0.3814945438606635, 0.0, 0.38149454386066334, 0.0, 1.6653345369377348E-16
0.02409760000000001, 0.3804393200476916, 0.0, 0.38043932004769154, 0.0, 5.551115123125783E-17
0.025097500000000012, 0.3783666598737501, 0.0, 0.37836665987375, 0.0, 1.1102230246251565E-16
0.026097400000000014, 0.38832122493768817, 0.0, 0.3883212249376882, 0.0, 5.551115123125783E-17
0.027097300000000015, 0.3848322653011262, 0.0, 0.38483226530112613, 0.0, 5.551115123125783E-17
0.028097200000000017, 0.38028820629997173, 0.0, 0.3802882062999717, 0.0, 5.551115123125783E-17
0.029097100000000018, 0.38919788269862615, 0.0, 0.3891978826986262, 0.0, 5.551115123125783E-17
0.03009700000000002, 0.38324360504190963, 0.0, 0.38324360504190963, 0.0, 0.0
0.03109690000000002, 0.3915682617954295, 0.0, 0.39156826179542936, 0.0, 1.1102230246251565E-16
0.03209680000000002, 0.38418807252410386, 0.0, 0.3841880725241038, 0.0, 5.551115123125783E-17
0.03309670000000002, 0.39200107373784465, 0.0, 0.3920010737378447, 0.0, 5.551115123125783E-17
0.03409660000000002, 0.3831439709557096, 0.0, 0.3831439709557096, 0.0, 0.0
0.03509650000000002, 0.3905069110893095, 0.0, 0.39050691108930946, 0.0, 5.551115123125783E-17
0.036096400000000015, 0.3800865839630116, 0.0, 0.38008658396301165, 0.0, 5.551115123125783E-17
0.03709630000000001, 0.38704928783039083, 0.0, 0.3870492878303909, 0.0, 5.551115123125783E-17
0.03809620000000001, 0.3938197541510473, 0.0, 0.3938197541510473, 0.0, 0.0
0.03909610000000001, 0.38154463935878474, 0.0, 0.3815446393587847, 0.0, 5.551115123125783E-17
0.04009600000000001, 0.387979406284288, 0.0, 0.387979406284288, 0.0, 0.0
0.041095900000000005, 0.3942484173659334, 0.0, 0.3942484173659335, 0.0, 1.1102230246251565E-16
0.0420958, 0.3799857139345315, 0.0, 0.37998571393453157, 0.0, 5.551115123125783E-17
0.0430957, 0.38596786963113433, 0.0, 0.3859678696311343, 0.0, 5.551115123125783E-17
0.0440956, 0.39180878957912446, 0.0, 0.39180878957912446, 0.0, 0.0
0.0450955, 0.39750847377850196, 0.0, 0.397508473778502, 0.0, 5.551115123125783E-17
0.046095399999999995, 0.38094229437320337, 0.0, 0.3809422943732034, 0.0, 5.551115123125783E-17
0.04709529999999999, 0.38641083282431743, 0.0, 0.3864108328243174, 0.0, 5.551115123125783E-17
0.04809519999999999, 0.3917606940144444, 0.0, 0.39176069401444436, 0.0, 5.551115123125783E-17
0.04909509999999999, 0.3969918779435844, 0.0, 0.39699187794358454, 0.0, 1.1102230246251565E-16
0.05009499999999999, 0.3778585823237499, 0.0, 0.37785858232374997, 0.0, 5.551115123125783E-17
0.051094899999999985, 0.3828947140652094, 0.0, 0.3828947140652094, 0.0, 0.0
0.05209479999999998, 0.3878327654256879, 0.0, 0.38783276542568795, 0.0, 5.551115123125783E-17
0.05309469999999998, 0.3926727364051854, 0.0, 0.3926727364051855, 0.0, 1.1102230246251565E-16
0.05409459999999998, 0.3974146270037019, 0.0, 0.3974146270037019, 0.0, 0.0
0.05509449999999998, 0.4020584372212374, 0.0, 0.40205843722123746, 0.0, 5.551115123125783E-17
0.056094399999999975, 0.37983433531681143, 0.0, 0.3798343353168115, 0.0, 5.551115123125783E-17
0.05709429999999997, 0.38433684137582586, 0.0, 0.3843368413758259, 0.0, 5.551115123125783E-17
0.05809419999999997, 0.38875990232624585, 0.0, 0.3887599023262459, 0.0, 5.551115123125783E-17
0.05909409999999997, 0.3931035181680711, 0.0, 0.3931035181680712, 0.0, 1.1102230246251565E-16
0.06009399999999997, 0.39736768890130186, 0.0, 0.39736768890130186, 0.0, 0.0
0.061093899999999965, 0.4015524145259379, 0.0, 0.40155241452593804, 0.0, 1.6653345369377348E-16
0.06209379999999996, 0.40565769504197946, 0.0, 0.40565769504197946, 0.0, 0.0
0.06309369999999996, 0.3797838561575714, 0.0, 0.3797838561575713, 0.0, 5.551115123125783E-17
0.06409359999999996, 0.3837907917023435, 0.0, 0.38379079170234354, 0.0, 5.551115123125783E-17
0.06509349999999996, 0.3877349558032878, 0.0, 0.3877349558032879, 0.0, 5.551115123125783E-17
0.06609339999999995, 0.3916163484604043, 0.0, 0.3916163484604044, 0.0, 1.1102230246251565E-16
0.06709329999999995, 0.39543496967369296, 0.0, 0.395434969673693, 0.0, 5.551115123125783E-17
0.06809319999999995, 0.3991908194431537, 0.0, 0.39919081944315377, 0.0, 5.551115123125783E-17
0.06909309999999995, 0.4028838977687867, 0.0, 0.40288389776878675, 0.0, 5.551115123125783E-17
0.07009299999999995, 0.4065142046505918, 0.0, 0.4065142046505919, 0.0, 1.1102230246251565E-16
0.07109289999999995, 0.41008174008856907, 0.0, 0.4100817400885691, 0.0, 5.551115123125783E-17
0.07209279999999994, 0.3797333671883313, 0.0, 0.3797333671883313, 0.0, 0.0
0.07309269999999994, 0.3832435552346713, 0.0, 0.38324355523467135, 0.0, 5.551115123125783E-17
0.07409259999999994, 0.3867056838943305, 0.0, 0.3867056838943306, 0.0, 5.551115123125783E-17
0.07509249999999994, 0.3901197531673092, 0.0, 0.3901197531673091, 0.0, 5.551115123125783E-17
0.07609239999999994, 0.393485763053607, 0.0, 0.39348576305360705, 0.0, 5.551115123125783E-17
0.07709229999999993, 0.39680371355322425, 0.0, 0.39680371355322425, 0.0, 0.0
0.07809219999999993, 0.40007360466616076, 0.0, 0.40007360466616076, 0.0, 0.0
0.07909209999999993, 0.4032954363924166, 0.0, 0.40329543639241666, 0.0, 5.551115123125783E-17
0.08009199999999993, 0.4064692087319917, 0.0, 0.4064692087319918, 0.0, 1.1102230246251565E-16
0.08109189999999993, 0.4095949216848862, 0.0, 0.40959492168488626, 0.0, 5.551115123125783E-17
0.08209179999999992, 0.41267257525109996, 0.0, 0.4126725752510999, 0.0, 5.551115123125783E-17
0.08309169999999992, 0.41570216943063304, 0.0, 0.41570216943063315, 0.0, 1.1102230246251565E-16
0.08409159999999992, 0.37968286840909127, 0.0, 0.3796828684090913, 0.0, 5.551115123125783E-17
0.08509149999999992, 0.38269513197280924, 0.0, 0.3826951319728092, 0.0, 5.551115123125783E-17
0.08609139999999992, 0.385672086599374, 0.0, 0.38567208659937396, 0.0, 5.551115123125783E-17
0.08709129999999991, 0.3886137322887857, 0.0, 0.38861373228878576, 0.0, 5.551115123125783E-17
0.08809119999999991, 0.3915200690410442, 0.0, 0.39152006904104414, 0.0, 5.551115123125783E-17
0.08909109999999991, 0.39439109685614954, 0.0, 0.3943910968561495, 0.0, 5.551115123125783E-17
0.09009099999999991, 0.39722681573410173, 0.0, 0.3972268157341017, 0.0, 5.551115123125783E-17
0.0910908999999999, 0.40002722567490073, 0.0, 0.40002722567490073, 0.0, 0.0
0.0920907999999999, 0.4027923266785466, 0.0, 0.40279232667854653, 0.0, 5.551115123125783E-17
0.0930906999999999, 0.4055221187450393, 0.0, 0.4055221187450393, 0.0, 0.0
0.0940905999999999, 0.40821660187437886, 0.0, 0.4082166018743787, 0.0, 1.6653345369377348E-16
0.0950904999999999, 0.4108757760665652, 0.0, 0.4108757760665651, 0.0, 1.1102230246251565E-16
0.0960903999999999, 0.41349964132159844, 0.0, 0.41349964132159833, 0.0, 1.1102230246251565E-16
0.0970902999999999, 0.4160881976394785, 0.0, 0.4160881976394784, 0.0, 1.1102230246251565E-16
0.09809019999999989, 0.4186414450202054, 0.0, 0.41864144502020534, 0.0, 5.551115123125783E-17
0.09909009999999989, 0.4211593834637791, 0.0, 0.4211593834637791, 0.0, 0.0
0.10008999999999989, 0.3776041756737497, 0.0, 0.3776041756737497, 0.0, 0.0
0.10108989999999989, 0.3801369538468521, 0.0, 0.380136953846852, 0.0, 1.1102230246251565E-16
0.10208979999999988, 0.3826452119247092, 0.0, 0.3826452119247092, 0.0, 0.0
0.10308969999999988, 0.38512894990732105, 0.0, 0.38512894990732094, 0.0, 1.1102230246251565E-16
0.10408959999999988, 0.3875881677946877, 0.0, 0.3875881677946877, 0.0, 0.0
0.10508949999999988, 0.39002286558680904, 0.0, 0.390022865586809, 0.0, 5.551115123125783E-17
0.10608939999999988, 0.3924330432836852, 0.0, 0.3924330432836851, 0.0, 1.1102230246251565E-16
0.10708929999999987, 0.39481870088531607, 0.0, 0.394818700885316, 0.0, 5.551115123125783E-17
0.10808919999999987, 0.3971798383917017, 0.0, 0.39717983839170157, 0.0, 1.1102230246251565E-16
0.10908909999999987, 0.39951645580284206, 0.0, 0.39951645580284195, 0.0, 1.1102230246251565E-16
0.11008899999999987, 0.4018285531187372, 0.0, 0.40182855311873705, 0.0, 1.6653345369377348E-16
0.11108889999999987, 0.40411613033938704, 0.0, 0.404116130339387, 0.0, 5.551115123125783E-17
0.11208879999999986, 0.4063791874647917, 0.0, 0.4063791874647917, 0.0, 0.0
0.11308869999999986, 0.40861772449495104, 0.0, 0.408617724494951, 0.0, 5.551115123125783E-17
0.11408859999999986, 0.4108317414298651, 0.0, 0.41083174142986506, 0.0, 5.551115123125783E-17
0.11508849999999986, 0.4130212382695341, 0.0, 0.41302123826953396, 0.0, 1.1102230246251565E-16
0.11608839999999986, 0.41518621501395764, 0.0, 0.4151862150139576, 0.0, 5.551115123125783E-17
0.11708829999999985, 0.4173266716631361, 0.0, 0.417326671663136, 0.0, 1.1102230246251565E-16
0.11808819999999985, 0.41944260821706914, 0.0, 0.4194426082170691, 0.0, 5.551115123125783E-17
0.11908809999999985, 0.42153402467575707, 0.0, 0.42153402467575696, 0.0, 1.1102230246251565E-16
0.12008799999999985, 0.42360092103919966, 0.0, 0.42360092103919966, 0.0, 0.0
0.12108789999999985, 0.4256432973073971, 0.0, 0.425643297307397, 0.0, 1.1102230246251565E-16
0.12208779999999984, 0.42766115348034917, 0.0, 0.42766115348034917, 0.0, 0.0
0.12308769999999984, 0.4296544895580561, 0.0, 0.42965448955805596, 0.0, 1.1102230246251565E-16
0.12408759999999984, 0.43162330554051764, 0.0, 0.43162330554051753, 0.0, 1.1102230246251565E-16
0.12508749999999985, 0.3775532649137497, 0.0, 0.37755326491374974, 0.0, 5.551115123125783E-17
0.12608739999999985, 0.3795818414206112, 0.0, 0.37958184142061113, 0.0, 5.551115123125783E-17
0.12708729999999985, 0.38159472506651576, 0.0, 0.3815947250665157, 0.0, 5.551115123125783E-17
0.12808719999999985, 0.38359191585146335, 0.0, 0.3835919158514634, 0.0, 5.551115123125783E-17
0.12908709999999984, 0.38557341377545395, 0.0, 0.3855734137754539, 0.0, 5.551115123125783E-17
0.13008699999999984, 0.38753921883848763, 0.0, 0.3875392188384877, 0.0, 5.551115123125783E-17
0.13108689999999984, 0.3894893310405644, 0.0, 0.3894893310405644, 0.0, 0.0
0.13208679999999984, 0.39142375038168414, 0.0, 0.39142375038168403, 0.0, 1.1102230246251565E-16
0.13308669999999984, 0.3933424768618469, 0.0, 0.393342476861847, 0.0, 5.551115123125783E-17
0.13408659999999983, 0.3952455104810528, 0.0, 0.3952455104810528, 0.0, 0.0
0.13508649999999983, 0.39713285123930164, 0.0, 0.3971328512393016, 0.0, 5.551115123125783E-17
0.13608639999999983, 0.3990044991365936, 0.0, 0.3990044991365935, 0.0, 5.551115123125783E-17
0.13708629999999983, 0.40086045417292854, 0.0, 0.4008604541729286, 0.0, 5.551115123125783E-17
0.13808619999999983, 0.4027007163483065, 0.0, 0.4027007163483065, 0.0, 0.0
0.13908609999999982, 0.40452528566272755, 0.0, 0.4045252856627276, 0.0, 5.551115123125783E-17
0.14008599999999982, 0.40633416211619167, 0.0, 0.40633416211619167, 0.0, 0.0
0.14108589999999982, 0.40812734570869874, 0.0, 0.4081273457086988, 0.0, 5.551115123125783E-17
0.14208579999999982, 0.40990483644024894, 0.0, 0.40990483644024894, 0.0, 0.0
0.14308569999999982, 0.4116666343108421, 0.0, 0.41166663431084216, 0.0, 5.551115123125783E-17
0.1440855999999998, 0.41341273932047834, 0.0, 0.4134127393204784, 0.0, 5.551115123125783E-17
0.1450854999999998, 0.41514315146915765, 0.0, 0.41514315146915765, 0.0, 0.0
0.1460853999999998, 0.41685787075687997, 0.0, 0.41685787075687997, 0.0, 0.0
0.1470852999999998, 0.4185568971836453, 0.0, 0.4185568971836453, 0.0, 0.0
0.1480851999999998, 0.4202402307494537, 0.0, 0.4202402307494537, 0.0, 0.0
0.1490850999999998, 0.4219078714543052, 0.0, 0.42190787145430514, 0.0, 5.551115123125783E-17
0.1500849999999998, 0.42355981929819964, 0.0, 0.42355981929819964, 0.0, 0.0
0.1510848999999998, 0.42519607428113715, 0.0, 0.42519607428113715, 0.0, 0.0
0.1520847999999998, 0.42681663640311773, 0.0, 0.42681663640311773, 0.0, 0.0
0.1530846999999998, 0.42842150566414133, 0.0, 0.42842150566414133, 0.0, 0.0
0.1540845999999998, 0.43001068206420795, 0.0, 0.430010682064208, 0.0, 5.551115123125783E-17
0.1550844999999998, 0.43158416560331764, 0.0, 0.43158416560331764, 0.0, 0.0
0.1560843999999998, 0.4331419562814704, 0.0, 0.43314195628147034, 0.0, 5.551115123125783E-17
0.1570842999999998, 0.4346840540986661, 0.0, 0.4346840540986662, 0.0, 5.551115123125783E-17
0.15808419999999979, 0.4362104590549049, 0.0, 0.43621045905490496, 0.0, 5.551115123125783E-17
0.15908409999999978, 0.43772117115018677, 0.0, 0.4377211711501867, 0.0, 5.551115123125783E-17
0.16008399999999978, 0.43921619038451165, 0.0, 0.4392161903845117, 0.0, 5.551115123125783E-17
0.16108389999999978, 0.4406955167578796, 0.0, 0.4406955167578796, 0.0, 0.0
0.16208379999999978, 0.4421591502702905, 0.0, 0.4421591502702905, 0.0, 0.0
0.16308369999999978, 0.44360709092174455, 0.0, 0.4436070909217446, 0.0, 5.551115123125783E-17
0.16408359999999977, 0.4450393387122416, 0.0, 0.4450393387122416, 0.0, 0.0
0.16508349999999977, 0.4464558936417817, 0.0, 0.4464558936417817, 0.0, 0.0
0.16608339999999977, 0.44785675571036476, 0.0, 0.4478567557103648, 0.0, 5.551115123125783E-17
0.16708329999999977, 0.3780110577663697, 0.0, 0.37801105776636973, 0.0, 5.551115123125783E-17
0.16808319999999977, 0.3795313132113712, 0.0, 0.3795313132113711, 0.0, 5.551115123125783E-17
0.16908309999999976, 0.38104274142208433, 0.0, 0.38104274142208433, 0.0, 0.0
0.17008299999999976, 0.3825453423985091, 0.0, 0.3825453423985091, 0.0, 0.0
0.17108289999999976, 0.3840391161406457, 0.0, 0.3840391161406457, 0.0, 0.0
0.17208279999999976, 0.385524062648494, 0.0, 0.385524062648494, 0.0, 0.0
0.17308269999999976, 0.38700018192205393, 0.0, 0.38700018192205393, 0.0, 0.0
0.17408259999999975, 0.38846747396132564, 0.0, 0.3884674739613256, 0.0, 5.551115123125783E-17
0.17508249999999975, 0.389925938766309, 0.0, 0.389925938766309, 0.0, 0.0
0.17608239999999975, 0.3913755763370041, 0.0, 0.3913755763370041, 0.0, 0.0
0.17708229999999975, 0.3928163866734109, 0.0, 0.3928163866734109, 0.0, 0.0
0.17808219999999975, 0.39424836977552946, 0.0, 0.39424836977552946, 0.0, 0.0
0.17908209999999974, 0.39567152564335967, 0.0, 0.3956715256433597, 0.0, 5.551115123125783E-17
0.18008199999999974, 0.39708585427690163, 0.0, 0.39708585427690163, 0.0, 0.0
0.18108189999999974, 0.3984913556761553, 0.0, 0.39849135567615535, 0.0, 5.551115123125783E-17
0.18208179999999974, 0.39988802984112065, 0.0, 0.3998880298411207, 0.0, 5.551115123125783E-17
0.18308169999999974, 0.4012758767717977, 0.0, 0.4012758767717977, 0.0, 0.0
0.18408159999999973, 0.40265489646818653, 0.0, 0.40265489646818653, 0.0, 0.0
0.18508149999999973, 0.404025088930287, 0.0, 0.404025088930287, 0.0, 0.0
0.18608139999999973, 0.4053864541580992, 0.0, 0.40538645415809915, 0.0, 5.551115123125783E-17
0.18708129999999973, 0.40673899215162307, 0.0, 0.4067389921516231, 0.0, 5.551115123125783E-17
0.18808119999999973, 0.40808270291085874, 0.0, 0.40808270291085874, 0.0, 0.0
0.18908109999999972, 0.40941758643580606, 0.0, 0.4094175864358061, 0.0, 5.551115123125783E-17
0.19008099999999972, 0.41074364272646513, 0.0, 0.4107436427264652, 0.0, 5.551115123125783E-17
0.19108089999999972, 0.41206087178283585, 0.0, 0.4120608717828358, 0.0, 5.551115123125783E-17
0.19208079999999972, 0.4133692736049184, 0.0, 0.4133692736049184, 0.0, 0.0
0.19308069999999972, 0.4146688481927125, 0.0, 0.4146688481927125, 0.0, 0.0
0.19408059999999971, 0.4159595955462184, 0.0, 0.4159595955462184, 0.0, 0.0
0.1950804999999997, 0.417241515665436, 0.0, 0.41724151566543605, 0.0, 5.551115123125783E-17
0.1960803999999997, 0.4185146085503653, 0.0, 0.41851460855036526, 0.0, 5.551115123125783E-17
0.1970802999999997, 0.4197788742010063, 0.0, 0.41977887420100635, 0.0, 5.551115123125783E-17
0.1980801999999997, 0.4210343126173591, 0.0, 0.42103431261735913, 0.0, 5.551115123125783E-17
0.1990800999999997, 0.42228092379942345, 0.0, 0.42228092379942345, 0.0, 0.0
0.2000799999999997, 0.42351870774719963, 0.0, 0.4235187077471997, 0.0, 5.551115123125783E-17
0.2010798999999997, 0.42474766446068746, 0.0, 0.42474766446068746, 0.0, 0.0
0.2020797999999997, 0.42596779393988704, 0.0, 0.42596779393988704, 0.0, 0.0
0.2030796999999997, 0.4271790961847983, 0.0, 0.4271790961847983, 0.0, 0.0
0.2040795999999997, 0.4283815711954213, 0.0, 0.42838157119542136, 0.0, 5.551115123125783E-17
0.2050794999999997, 0.429575218971756, 0.0, 0.42957521897175605, 0.0, 5.551115123125783E-17
0.2060793999999997, 0.43076003951380243, 0.0, 0.43076003951380243, 0.0, 0.0
0.2070792999999997, 0.4319360328215605, 0.0, 0.43193603282156057, 0.0, 5.551115123125783E-17
0.2080791999999997, 0.43310319889503035, 0.0, 0.43310319889503035, 0.0, 0.0
0.20907909999999968, 0.4342615377342119, 0.0, 0.43426153773421183, 0.0, 5.551115123125783E-17
0.21007899999999968, 0.4354110493391051, 0.0, 0.4354110493391052, 0.0, 5.551115123125783E-17
0.21107889999999968, 0.43655173370971007, 0.0, 0.4365517337097101, 0.0, 5.551115123125783E-17
0.21207879999999968, 0.43768359084602676, 0.0, 0.4376835908460268, 0.0, 5.551115123125783E-17
0.21307869999999968, 0.4388066207480551, 0.0, 0.4388066207480552, 0.0, 1.1102230246251565E-16
0.21407859999999967, 0.43992082341579525, 0.0, 0.4399208234157953, 0.0, 5.551115123125783E-17
0.21507849999999967, 0.44102619884924693, 0.0, 0.44102619884924693, 0.0, 0.0
0.21607839999999967, 0.44212274704841054, 0.0, 0.44212274704841054, 0.0, 0.0
0.21707829999999967, 0.44321046801328573, 0.0, 0.44321046801328573, 0.0, 0.0
0.21807819999999967, 0.4442893617438727, 0.0, 0.4442893617438727, 0.0, 0.0
0.21907809999999966, 0.4453594282401712, 0.0, 0.4453594282401713, 0.0, 5.551115123125783E-17
0.22007799999999966, 0.4464206675021817, 0.0, 0.4464206675021817, 0.0, 0.0
0.22107789999999966, 0.4474730795299037, 0.0, 0.44747307952990373, 0.0, 5.551115123125783E-17
0.22207779999999966, 0.4485166643233375, 0.0, 0.4485166643233374, 0.0, 5.551115123125783E-17
0.22307769999999966, 0.44955142188248287, 0.0, 0.449551421882483, 0.0, 1.1102230246251565E-16
0.22407759999999965, 0.45057735220734013, 0.0, 0.45057735220734013, 0.0, 0.0
0.22507749999999965, 0.45159445529790904, 0.0, 0.451594455297909, 0.0, 5.551115123125783E-17
0.22607739999999965, 0.45260273115418964, 0.0, 0.4526027311541897, 0.0, 5.551115123125783E-17
0.22707729999999965, 0.45360217977618184, 0.0, 0.45360217977618195, 0.0, 1.1102230246251565E-16
0.22807719999999965, 0.454592801163886, 0.0, 0.4545928011638859, 0.0, 1.1102230246251565E-16
0.22907709999999964, 0.4555745953173017, 0.0, 0.4555745953173017, 0.0, 0.0
0.23007699999999964, 0.45654756223642917, 0.0, 0.45654756223642917, 0.0, 0.0
0.23107689999999964, 0.4575117019212682, 0.0, 0.4575117019212682, 0.0, 0.0
0.23207679999999964, 0.4584670143718192, 0.0, 0.45846701437181925, 0.0, 5.551115123125783E-17
0.23307669999999964, 0.45941349958808175, 0.0, 0.4594134995880818, 0.0, 5.551115123125783E-17
0.23407659999999963, 0.46035115757005607, 0.0, 0.460351157570056, 0.0, 5.551115123125783E-17
0.23507649999999963, 0.461279988317742, 0.0, 0.4612799883177421, 0.0, 1.1102230246251565E-16
0.23607639999999963, 0.4621999918311398, 0.0, 0.46219999183113974, 0.0, 5.551115123125783E-17
0.23707629999999963, 0.46311116811024916, 0.0, 0.46311116811024916, 0.0, 0.0
0.23807619999999963, 0.46401351715507033, 0.0, 0.4640135171550702, 0.0, 1.1102230246251565E-16
0.23907609999999963, 0.46490703896560304, 0.0, 0.46490703896560315, 0.0, 1.1102230246251565E-16
0.24007599999999962, 0.4657917335418477, 0.0, 0.4657917335418478, 0.0, 5.551115123125783E-17
0.24107589999999962, 0.46666760088380393, 0.0, 0.46666760088380393, 0.0, 0.0
0.24207579999999962, 0.46753464099147185, 0.0, 0.4675346409914719, 0.0, 5.551115123125783E-17
0.24307569999999962, 0.46839285386485147, 0.0, 0.4683928538648515, 0.0, 5.551115123125783E-17
0.24407559999999962, 0.4692422395039429, 0.0, 0.46924223950394284, 0.0, 5.551115123125783E-17
0.2450754999999996, 0.470082797908746, 0.0, 0.4700827979087461, 0.0, 5.551115123125783E-17
0.2460753999999996, 0.4709145290792608, 0.0, 0.4709145290792608, 0.0, 0.0
0.2470752999999996, 0.4717374330154873, 0.0, 0.4717374330154873, 0.0, 0.0
0.2480751999999996, 0.47255150971742554, 0.0, 0.47255150971742566, 0.0, 1.1102230246251565E-16
0.2490750999999996, 0.4733567591850755, 0.0, 0.4733567591850756, 0.0, 5.551115123125783E-17
0.2500749999999996, 0.3774514139637496, 0.0, 0.3774514139637496, 0.0, 0.0
0.2510748999999996, 0.37846805618556, 0.0, 0.37846805618555995, 0.0, 5.551115123125783E-17
0.2520747999999996, 0.37948077519213114, 0.0, 0.3794807751921311, 0.0, 5.551115123125783E-17
0.2530746999999996, 0.38048957098346303, 0.0, 0.38048957098346303, 0.0, 0.0
0.2540745999999996, 0.3814944435595557, 0.0, 0.38149444355955564, 0.0, 5.551115123125783E-17
0.2550744999999996, 0.3824953929204091, 0.0, 0.38249539292040907, 0.0, 5.551115123125783E-17
0.2560743999999996, 0.38349241906602327, 0.0, 0.38349241906602327, 0.0, 0.0
0.2570742999999996, 0.38448552199639824, 0.0, 0.38448552199639824, 0.0, 0.0
0.2580741999999996, 0.3854747017115339, 0.0, 0.3854747017115339, 0.0, 0.0
0.2590740999999996, 0.3864599582114304, 0.0, 0.3864599582114303, 0.0, 1.1102230246251565E-16
0.2600739999999996, 0.38744129149608764, 0.0, 0.3874412914960876, 0.0, 5.551115123125783E-17
0.2610738999999996, 0.3884187015655056, 0.0, 0.3884187015655056, 0.0, 0.0
0.2620737999999996, 0.3893921884196843, 0.0, 0.3893921884196843, 0.0, 0.0
0.2630736999999996, 0.39036175205862383, 0.0, 0.3903617520586238, 0.0, 5.551115123125783E-17
0.2640735999999996, 0.3913273924823241, 0.0, 0.39132739248232407, 0.0, 5.551115123125783E-17
0.2650734999999996, 0.3922891096907851, 0.0, 0.3922891096907851, 0.0, 0.0
0.26607339999999957, 0.3932469036840069, 0.0, 0.39324690368400683, 0.0, 5.551115123125783E-17
0.26707329999999957, 0.3942007744619894, 0.0, 0.3942007744619894, 0.0, 0.0
0.26807319999999957, 0.3951507220247327, 0.0, 0.3951507220247327, 0.0, 0.0
0.26907309999999957, 0.3960967463722368, 0.0, 0.3960967463722368, 0.0, 0.0
0.27007299999999956, 0.39703884750450164, 0.0, 0.3970388475045016, 0.0, 5.551115123125783E-17
0.27107289999999956, 0.3979770254215272, 0.0, 0.39797702542152713, 0.0, 5.551115123125783E-17
0.27207279999999956, 0.39891128012331356, 0.0, 0.3989112801233135, 0.0, 5.551115123125783E-17
0.27307269999999956, 0.39984161160986065, 0.0, 0.39984161160986065, 0.0, 0.0
0.27407259999999956, 0.4007680198811685, 0.0, 0.40076801988116845, 0.0, 5.551115123125783E-17
0.27507249999999955, 0.4016905049372371, 0.0, 0.401690504937237, 0.0, 1.1102230246251565E-16
0.27607239999999955, 0.4026090667780665, 0.0, 0.4026090667780665, 0.0, 0.0
0.27707229999999955, 0.4035237054036566, 0.0, 0.4035237054036567, 0.0, 5.551115123125783E-17
0.27807219999999955, 0.40443442081400754, 0.0, 0.4044344208140075, 0.0, 5.551115123125783E-17
0.27907209999999955, 0.4053412130091192, 0.0, 0.4053412130091192, 0.0, 0.0
0.28007199999999954, 0.40624408198899153, 0.0, 0.40624408198899153, 0.0, 0.0
0.28107189999999954, 0.40714302775362476, 0.0, 0.40714302775362476, 0.0, 0.0
0.28207179999999954, 0.4080380503030187, 0.0, 0.4080380503030187, 0.0, 0.0
0.28307169999999954, 0.40892914963717336, 0.0, 0.40892914963717336, 0.0, 0.0
0.28407159999999954, 0.40981632575608884, 0.0, 0.4098163257560888, 0.0, 5.551115123125783E-17
0.28507149999999953, 0.4106995786597651, 0.0, 0.41069957865976514, 0.0, 5.551115123125783E-17
0.28607139999999953, 0.41157890834820204, 0.0, 0.4115789083482021, 0.0, 5.551115123125783E-17
0.28707129999999953, 0.41245431482139977, 0.0, 0.41245431482139977, 0.0, 0.0
0.2880711999999995, 0.41332579807935826, 0.0, 0.4133257980793583, 0.0, 5.551115123125783E-17
0.2890710999999995, 0.4141933581220775, 0.0, 0.4141933581220776, 0.0, 5.551115123125783E-17
0.2900709999999995, 0.41505699494955756, 0.0, 0.4150569949495576, 0.0, 5.551115123125783E-17
0.2910708999999995, 0.41591670856179835, 0.0, 0.4159167085617983, 0.0, 5.551115123125783E-17
0.2920707999999995, 0.41677249895879986, 0.0, 0.41677249895879986, 0.0, 0.0
0.2930706999999995, 0.4176243661405622, 0.0, 0.4176243661405622, 0.0, 0.0
0.2940705999999995, 0.41847231010708524, 0.0, 0.4184723101070853, 0.0, 5.551115123125783E-17
0.2950704999999995, 0.41931633085836906, 0.0, 0.41931633085836906, 0.0, 0.0
0.2960703999999995, 0.42015642839441364, 0.0, 0.4201564283944136, 0.0, 5.551115123125783E-17
0.2970702999999995, 0.420992602715219, 0.0, 0.420992602715219, 0.0, 0.0
0.2980701999999995, 0.4218248538207851, 0.0, 0.4218248538207851, 0.0, 0.0
0.2990700999999995, 0.42265318171111194, 0.0, 0.4226531817111119, 0.0, 5.551115123125783E-17
0.3000699999999995, 0.4234775863861996, 0.0, 0.4234775863861996, 0.0, 0.0
0.3010698999999995, 0.42429806784604795, 0.0, 0.424298067846048, 0.0, 5.551115123125783E-17
0.3020697999999995, 0.4251146260906571, 0.0, 0.4251146260906571, 0.0, 0.0
0.3030696999999995, 0.425927261120027, 0.0, 0.425927261120027, 0.0, 0.0
0.3040695999999995, 0.42673597293415766, 0.0, 0.42673597293415766, 0.0, 0.0
0.3050694999999995, 0.4275407615330491, 0.0, 0.4275407615330491, 0.0, 0.0
0.3060693999999995, 0.42834162691670125, 0.0, 0.4283416269167013, 0.0, 5.551115123125783E-17
0.3070692999999995, 0.4291385690851142, 0.0, 0.42913856908511416, 0.0, 5.551115123125783E-17
0.3080691999999995, 0.4299315880382879, 0.0, 0.4299315880382879, 0.0, 0.0
0.3090690999999995, 0.43072068377622236, 0.0, 0.43072068377622236, 0.0, 0.0
0.3100689999999995, 0.4315058562989176, 0.0, 0.4315058562989176, 0.0, 0.0
0.3110688999999995, 0.43228710560637357, 0.0, 0.4322871056063735, 0.0, 5.551115123125783E-17
0.3120687999999995, 0.43306443169859027, 0.0, 0.43306443169859027, 0.0, 0.0
0.3130686999999995, 0.4338378345755678, 0.0, 0.43383783457556785, 0.0, 5.551115123125783E-17
0.3140685999999995, 0.43460731423730603, 0.0, 0.43460731423730603, 0.0, 0.0
0.3150684999999995, 0.4353728706838051, 0.0, 0.4353728706838051, 0.0, 0.0
0.31606839999999947, 0.43613450391506486, 0.0, 0.4361345039150648, 0.0, 5.551115123125783E-17
0.31706829999999947, 0.4368922139310854, 0.0, 0.43689221393108535, 0.0, 5.551115123125783E-17
0.31806819999999947, 0.4376460007318667, 0.0, 0.4376460007318667, 0.0, 0.0
0.31906809999999947, 0.43839586431740873, 0.0, 0.43839586431740873, 0.0, 0.0
0.32006799999999946, 0.4391418046877116, 0.0, 0.4391418046877116, 0.0, 0.0
0.32106789999999946, 0.43988382184277514, 0.0, 0.4398838218427752, 0.0, 5.551115123125783E-17
0.32206779999999946, 0.4406219157825995, 0.0, 0.44062191578259957, 0.0, 5.551115123125783E-17
0.32306769999999946, 0.4413560865071846, 0.0, 0.4413560865071846, 0.0, 0.0
0.32406759999999946, 0.44208633401653047, 0.0, 0.4420863340165304, 0.0, 5.551115123125783E-17
0.32506749999999945, 0.4428126583106371, 0.0, 0.4428126583106371, 0.0, 0.0
0.32606739999999945, 0.4435350593895045, 0.0, 0.44353505938950444, 0.0, 5.551115123125783E-17
0.32706729999999945, 0.4442535372531326, 0.0, 0.44425353725313255, 0.0, 5.551115123125783E-17
0.32806719999999945, 0.44496809190152153, 0.0, 0.4449680919015215, 0.0, 5.551115123125783E-17
0.32906709999999945, 0.4456787233346712, 0.0, 0.4456787233346712, 0.0, 0.0
0.33006699999999944, 0.4463854315525816, 0.0, 0.4463854315525816, 0.0, 0.0
0.33106689999999944, 0.44708821655525277, 0.0, 0.44708821655525266, 0.0, 1.1102230246251565E-16
0.33206679999999944, 0.4477870783426847, 0.0, 0.4477870783426847, 0.0, 0.0
0.33306669999999944, 0.44848201691487743, 0.0, 0.4484820169148774, 0.0, 5.551115123125783E-17
0.33406659999999944, 0.44917303227183086, 0.0, 0.4491730322718309, 0.0, 5.551115123125783E-17
0.33506649999999943, 0.4498601244135451, 0.0, 0.44986012441354506, 0.0, 5.551115123125783E-17
0.33606639999999943, 0.4505432933400201, 0.0, 0.4505432933400201, 0.0, 0.0
0.33706629999999943, 0.4512225390512558, 0.0, 0.45122253905125576, 0.0, 5.551115123125783E-17
0.33806619999999943, 0.4518978615472523, 0.0, 0.4518978615472523, 0.0, 0.0
0.3390660999999994, 0.4525692608280096, 0.0, 0.4525692608280095, 0.0, 5.551115123125783E-17
0.3400659999999994, 0.4532367368935276, 0.0, 0.4532367368935275, 0.0, 1.1102230246251565E-16
0.3410658999999994, 0.45390028974380636, 0.0, 0.45390028974380636, 0.0, 0.0
0.3420657999999994, 0.45455991937884593, 0.0, 0.45455991937884593, 0.0, 0.0
0.3430656999999994, 0.4552156257986462, 0.0, 0.45521562579864616, 0.0, 5.551115123125783E-17
0.3440655999999994, 0.45586740900320727, 0.0, 0.4558674090032072, 0.0, 5.551115123125783E-17
0.3450654999999994, 0.4565152689925291, 0.0, 0.4565152689925291, 0.0, 0.0
0.3460653999999994, 0.4571592057666117, 0.0, 0.4571592057666117, 0.0, 0.0
0.3470652999999994, 0.45779921932545503, 0.0, 0.4577992193254549, 0.0, 1.1102230246251565E-16
0.3480651999999994, 0.45843530966905915, 0.0, 0.45843530966905915, 0.0, 0.0
0.3490650999999994, 0.459067476797424, 0.0, 0.45906747679742393, 0.0, 5.551115123125783E-17
0.3500649999999994, 0.4596957207105496, 0.0, 0.45969572071054954, 0.0, 5.551115123125783E-17
0.3510648999999994, 0.460320041408436, 0.0, 0.46032004140843596, 0.0, 5.551115123125783E-17
0.3520647999999994, 0.46094043889108316, 0.0, 0.4609404388910831, 0.0, 5.551115123125783E-17
0.3530646999999994, 0.46155691315849107, 0.0, 0.461556913158491, 0.0, 5.551115123125783E-17
0.3540645999999994, 0.4621694642106597, 0.0, 0.4621694642106597, 0.0, 0.0
0.3550644999999994, 0.46277809204758913, 0.0, 0.4627780920475891, 0.0, 5.551115123125783E-17
0.3560643999999994, 0.4633827966692793, 0.0, 0.46338279666927923, 0.0, 5.551115123125783E-17
0.3570642999999994, 0.46398357807573026, 0.0, 0.4639835780757302, 0.0, 5.551115123125783E-17
0.3580641999999994, 0.46458043626694195, 0.0, 0.46458043626694195, 0.0, 0.0
0.3590640999999994, 0.46517337124291436, 0.0, 0.46517337124291436, 0.0, 0.0
0.3600639999999994, 0.46576238300364753, 0.0, 0.4657623830036476, 0.0, 5.551115123125783E-17
0.3610638999999994, 0.4663474715491415, 0.0, 0.4663474715491416, 0.0, 5.551115123125783E-17
0.3620637999999994, 0.4669286368793963, 0.0, 0.46692863687939634, 0.0, 5.551115123125783E-17
0.3630636999999994, 0.46750587899441176, 0.0, 0.4675058789944118, 0.0, 5.551115123125783E-17
0.3640635999999994, 0.46807919789418806, 0.0, 0.468079197894188, 0.0, 5.551115123125783E-17
0.3650634999999994, 0.46864859357872507, 0.0, 0.468648593578725, 0.0, 5.551115123125783E-17
0.3660633999999994, 0.46921406604802285, 0.0, 0.4692140660480229, 0.0, 5.551115123125783E-17
0.36706329999999937, 0.4697756153020814, 0.0, 0.4697756153020814, 0.0, 0.0
0.36806319999999937, 0.4703332413409007, 0.0, 0.47033324134090065, 0.0, 5.551115123125783E-17
0.36906309999999937, 0.47088694416448074, 0.0, 0.4708869441644808, 0.0, 5.551115123125783E-17
0.37006299999999936, 0.4714367237728216, 0.0, 0.4714367237728216, 0.0, 0.0
0.37106289999999936, 0.47198258016592315, 0.0, 0.4719825801659231, 0.0, 5.551115123125783E-17
0.37206279999999936, 0.4725245133437855, 0.0, 0.47252451334378553, 0.0, 5.551115123125783E-17
0.37306269999999936, 0.4730625233064086, 0.0, 0.4730625233064085, 0.0, 5.551115123125783E-17
0.37406259999999936, 0.47359661005379244, 0.0, 0.47359661005379244, 0.0, 0.0
0.37506249999999935, 0.4741267735859371, 0.0, 0.474126773585937, 0.0, 5.551115123125783E-17
0.37606239999999935, 0.4746530139028425, 0.0, 0.4746530139028424, 0.0, 5.551115123125783E-17
0.37706229999999935, 0.4751753310045086, 0.0, 0.47517533100450865, 0.0, 5.551115123125783E-17
0.37806219999999935, 0.4756937248909355, 0.0, 0.47569372489093553, 0.0, 5.551115123125783E-17
0.37906209999999935, 0.4762081955621232, 0.0, 0.4762081955621232, 0.0, 0.0
0.38006199999999934, 0.4767187430180716, 0.0, 0.4767187430180716, 0.0, 0.0
0.38106189999999934, 0.4772253672587808, 0.0, 0.47722536725878084, 0.0, 5.551115123125783E-17
0.38206179999999934, 0.4777280682842507, 0.0, 0.47772806828425074, 0.0, 5.551115123125783E-17
0.38306169999999934, 0.4782268460944814, 0.0, 0.47822684609448146, 0.0, 5.551115123125783E-17
0.38406159999999934, 0.4787217006894729, 0.0, 0.47872170068947284, 0.0, 5.551115123125783E-17
0.38506149999999933, 0.4792126320692251, 0.0, 0.47921263206922515, 0.0, 5.551115123125783E-17
0.38606139999999933, 0.47969964023373807, 0.0, 0.4796996402337381, 0.0, 5.551115123125783E-17
0.38706129999999933, 0.4801827251830118, 0.0, 0.48018272518301175, 0.0, 5.551115123125783E-17
0.38806119999999933, 0.4806618869170463, 0.0, 0.4806618869170463, 0.0, 0.0
0.3890610999999993, 0.4811371254358416, 0.0, 0.4811371254358416, 0.0, 0.0
0.3900609999999993, 0.4816084407393976, 0.0, 0.48160844073939757, 0.0, 5.551115123125783E-17
0.3910608999999993, 0.4820758328277144, 0.0, 0.4820758328277144, 0.0, 0.0
0.3920607999999993, 0.48253930170079196, 0.0, 0.48253930170079196, 0.0, 0.0
0.3930606999999993, 0.48299884735863025, 0.0, 0.48299884735863025, 0.0, 0.0
0.3940605999999993, 0.4834544698012293, 0.0, 0.4834544698012293, 0.0, 0.0
0.3950604999999993, 0.48390616902858913, 0.0, 0.4839061690285892, 0.0, 5.551115123125783E-17
0.3960603999999993, 0.4843539450407097, 0.0, 0.48435394504070967, 0.0, 5.551115123125783E-17
0.3970602999999993, 0.484797797837591, 0.0, 0.484797797837591, 0.0, 0.0
0.3980601999999993, 0.48523772741923316, 0.0, 0.4852377274192332, 0.0, 5.551115123125783E-17
0.3990600999999993, 0.485673733785636, 0.0, 0.48567373378563594, 0.0, 5.551115123125783E-17
0.4000599999999993, 0.4861058169367996, 0.0, 0.48610581693679966, 0.0, 5.551115123125783E-17
0.4010598999999993, 0.486533976872724, 0.0, 0.4865339768727241, 0.0, 1.1102230246251565E-16
0.4020597999999993, 0.48695821359340913, 0.0, 0.48695821359340913, 0.0, 0.0
0.4030596999999993, 0.48737852709885504, 0.0, 0.48737852709885504, 0.0, 0.0
0.4040595999999993, 0.4877949173890617, 0.0, 0.4877949173890617, 0.0, 0.0
0.4050594999999993, 0.4882073844640291, 0.0, 0.4882073844640291, 0.0, 0.0
0.4060593999999993, 0.48861592832375733, 0.0, 0.48861592832375733, 0.0, 0.0
0.4070592999999993, 0.48902054896824626, 0.0, 0.4890205489682463, 0.0, 5.551115123125783E-17
0.4080591999999993, 0.48942124639749596, 0.0, 0.48942124639749585, 0.0, 1.1102230246251565E-16
0.4090590999999993, 0.4898180206115064, 0.0, 0.4898180206115065, 0.0, 5.551115123125783E-17
0.4100589999999993, 0.49021087161027765, 0.0, 0.49021087161027777, 0.0, 1.1102230246251565E-16
0.4110588999999993, 0.49059979939380965, 0.0, 0.4905997993938096, 0.0, 5.551115123125783E-17
0.4120587999999993, 0.49098480396210237, 0.0, 0.4909848039621023, 0.0, 5.551115123125783E-17
0.4130586999999993, 0.4913658853151559, 0.0, 0.4913658853151559, 0.0, 0.0
0.4140585999999993, 0.49174304345297015, 0.0, 0.49174304345297015, 0.0, 0.0
0.4150584999999993, 0.49211627837554517, 0.0, 0.49211627837554517, 0.0, 0.0
0.4160583999999993, 0.49248559008288095, 0.0, 0.49248559008288095, 0.0, 0.0
0.41705829999999927, 0.4928509785749775, 0.0, 0.4928509785749775, 0.0, 0.0
0.41805819999999927, 0.49321244385183477, 0.0, 0.4932124438518348, 0.0, 5.551115123125783E-17
0.41905809999999927, 0.49356998591345286, 0.0, 0.4935699859134529, 0.0, 5.551115123125783E-17
0.42005799999999927, 0.49392360475983166, 0.0, 0.49392360475983166, 0.0, 0.0
0.42105789999999926, 0.4942733003909713, 0.0, 0.49427330039097117, 0.0, 1.1102230246251565E-16
0.42205779999999926, 0.4946190728068716, 0.0, 0.4946190728068717, 0.0, 5.551115123125783E-17
0.42305769999999926, 0.4949609220075327, 0.0, 0.4949609220075327, 0.0, 0.0
0.42405759999999926, 0.49529884799295454, 0.0, 0.49529884799295454, 0.0, 0.0
0.42505749999999926, 0.4956328507631372, 0.0, 0.49563285076313723, 0.0, 5.551115123125783E-17
0.42605739999999925, 0.4959629303180806, 0.0, 0.4959629303180806, 0.0, 0.0
0.42705729999999925, 0.4962890866577847, 0.0, 0.4962890866577847, 0.0, 0.0
0.42805719999999925, 0.4966113197822496, 0.0, 0.4966113197822496, 0.0, 0.0
0.42905709999999925, 0.4969296296914753, 0.0, 0.4969296296914752, 0.0, 1.1102230246251565E-16
0.43005699999999925, 0.4972440163854617, 0.0, 0.49724401638546173, 0.0, 5.551115123125783E-17
0.43105689999999924, 0.49755447986420887, 0.0, 0.4975544798642089, 0.0, 5.551115123125783E-17
0.43205679999999924, 0.4978610201277168, 0.0, 0.4978610201277167, 0.0, 1.1102230246251565E-16
0.43305669999999924, 0.49816363717598555, 0.0, 0.49816363717598555, 0.0, 0.0
0.43405659999999924, 0.498462331009015, 0.0, 0.49846233100901505, 0.0, 5.551115123125783E-17
0.43505649999999924, 0.4987571016268052, 0.0, 0.4987571016268052, 0.0, 0.0
0.43605639999999923, 0.4990479490293562, 0.0, 0.4990479490293562, 0.0, 0.0
0.43705629999999923, 0.4993348732166679, 0.0, 0.4993348732166679, 0.0, 0.0
0.43805619999999923, 0.49961787418874043, 0.0, 0.4996178741887405, 0.0, 5.551115123125783E-17
0.4390560999999992, 0.4998969519455737, 0.0, 0.4998969519455737, 0.0, 0.0
0.4400559999999992, 0.5001721064871677, 0.0, 0.5001721064871677, 0.0, 0.0
0.4410558999999992, 0.5004433378135225, 0.0, 0.5004433378135225, 0.0, 0.0
0.4420557999999992, 0.5007106459246381, 0.0, 0.5007106459246381, 0.0, 0.0
0.4430556999999992, 0.5009740308205144, 0.0, 0.5009740308205144, 0.0, 0.0
0.4440555999999992, 0.5012334925011515, 0.0, 0.5012334925011513, 0.0, 1.1102230246251565E-16
0.4450554999999992, 0.5014890309665493, 0.0, 0.5014890309665492, 0.0, 1.1102230246251565E-16
0.4460553999999992, 0.5017406462167078, 0.0, 0.501740646216708, 0.0, 2.220446049250313E-16
0.4470552999999992, 0.5019883382516271, 0.0, 0.5019883382516271, 0.0, 0.0
0.4480551999999992, 0.5022321070713073, 0.0, 0.5022321070713073, 0.0, 0.0
0.4490550999999992, 0.5024719526757482, 0.0, 0.5024719526757482, 0.0, 0.0
0.4500549999999992, 0.5027078750649497, 0.0, 0.5027078750649498, 0.0, 1.1102230246251565E-16
0.4510548999999992, 0.5029398742389122, 0.0, 0.5029398742389122, 0.0, 0.0
0.4520547999999992, 0.5031679501976353, 0.0, 0.5031679501976353, 0.0, 0.0
0.4530546999999992, 0.5033921029411191, 0.0, 0.5033921029411191, 0.0, 0.0
0.4540545999999992, 0.5036123324693639, 0.0, 0.5036123324693639, 0.0, 0.0
0.4550544999999992, 0.5038286387823693, 0.0, 0.5038286387823693, 0.0, 0.0
0.4560543999999992, 0.5040410218801354, 0.0, 0.5040410218801354, 0.0, 0.0
0.4570542999999992, 0.5042494817626624, 0.0, 0.5042494817626624, 0.0, 0.0
0.4580541999999992, 0.5044540184299501, 0.0, 0.5044540184299502, 0.0, 1.1102230246251565E-16
0.4590540999999992, 0.5046546318819985, 0.0, 0.5046546318819985, 0.0, 0.0
0.4600539999999992, 0.5048513221188078, 0.0, 0.5048513221188078, 0.0, 0.0
0.4610538999999992, 0.5050440891403778, 0.0, 0.5050440891403778, 0.0, 0.0
0.4620537999999992, 0.5052329329467086, 0.0, 0.5052329329467086, 0.0, 0.0
0.4630536999999992, 0.5054178535378, 0.0, 0.5054178535378, 0.0, 0.0
0.4640535999999992, 0.5055988509136523, 0.0, 0.5055988509136523, 0.0, 0.0
0.4650534999999992, 0.5057759250742653, 0.0, 0.5057759250742653, 0.0, 0.0
0.4660533999999992, 0.5059490760196391, 0.0, 0.5059490760196391, 0.0, 0.0
0.46705329999999917, 0.5061183037497736, 0.0, 0.5061183037497736, 0.0, 0.0
0.46805319999999917, 0.5062836082646689, 0.0, 0.5062836082646689, 0.0, 0.0
0.46905309999999917, 0.506444989564325, 0.0, 0.506444989564325, 0.0, 0.0
0.47005299999999917, 0.5066024476487418, 0.0, 0.5066024476487418, 0.0, 0.0
0.47105289999999916, 0.5067559825179194, 0.0, 0.5067559825179194, 0.0, 0.0
0.47205279999999916, 0.5069055941718578, 0.0, 0.5069055941718577, 0.0, 1.1102230246251565E-16
0.47305269999999916, 0.5070512826105569, 0.0, 0.5070512826105569, 0.0, 0.0
0.47405259999999916, 0.5071930478340168, 0.0, 0.5071930478340168, 0.0, 0.0
0.47505249999999916, 0.5073308898422373, 0.0, 0.5073308898422373, 0.0, 0.0
0.47605239999999915, 0.5074648086352187, 0.0, 0.5074648086352187, 0.0, 0.0
0.47705229999999915, 0.5075948042129609, 0.0, 0.5075948042129608, 0.0, 1.1102230246251565E-16
0.47805219999999915, 0.5077208765754637, 0.0, 0.5077208765754638, 0.0, 1.1102230246251565E-16
0.47905209999999915, 0.5078430257227274, 0.0, 0.5078430257227274, 0.0, 0.0
0.48005199999999915, 0.5079612516547518, 0.0, 0.5079612516547518, 0.0, 0.0
0.48105189999999914, 0.5080755543715371, 0.0, 0.5080755543715371, 0.0, 0.0
0.48205179999999914, 0.508185933873083, 0.0, 0.5081859338730831, 0.0, 1.1102230246251565E-16
0.48305169999999914, 0.5082923901593897, 0.0, 0.5082923901593897, 0.0, 0.0
0.48405159999999914, 0.5083949232304572, 0.0, 0.5083949232304571, 0.0, 1.1102230246251565E-16
0.48505149999999914, 0.5084935330862854, 0.0, 0.5084935330862854, 0.0, 0.0
0.48605139999999913, 0.5085882197268744, 0.0, 0.5085882197268744, 0.0, 0.0
0.48705129999999913, 0.5086789831522242, 0.0, 0.5086789831522242, 0.0, 0.0
0.48805119999999913, 0.5087658233623346, 0.0, 0.5087658233623346, 0.0, 0.0
0.48905109999999913, 0.5088487403572058, 0.0, 0.5088487403572058, 0.0, 0.0
0.4900509999999991, 0.5089277341368379, 0.0, 0.5089277341368379, 0.0, 0.0
0.4910508999999991, 0.5090028047012307, 0.0, 0.5090028047012307, 0.0, 0.0
0.4920507999999991, 0.5090739520503842, 0.0, 0.5090739520503842, 0.0, 0.0
0.4930506999999991, 0.5091411761842985, 0.0, 0.5091411761842985, 0.0, 0.0
0.4940505999999991, 0.5092044771029736, 0.0, 0.5092044771029737, 0.0, 1.1102230246251565E-16
0.4950504999999991, 0.5092638548064095, 0.0, 0.5092638548064095, 0.0, 0.0
0.4960503999999991, 0.509319309294606, 0.0, 0.509319309294606, 0.0, 0.0
0.4970502999999991, 0.5093708405675633, 0.0, 0.5093708405675634, 0.0, 1.1102230246251565E-16
0.4980501999999991, 0.5094184486252814, 0.0, 0.5094184486252815, 0.0, 1.1102230246251565E-16
0.4990500999999991, 0.5094621334677603, 0.0, 0.5094621334677603, 0.0, 0.0
0.5000499999999991, 0.3774004737737495, 0.0, 0.3774004737737495, 0.0, 0.0
0.5010498999999992, 0.3779093833767497, 0.0, 0.3779093833767496, 0.0, 5.551115123125783E-17
0.5020497999999992, 0.37841731217593993, 0.0, 0.37841731217593993, 0.0, 0.0
0.5030496999999993, 0.37892426017132047, 0.0, 0.3789242601713205, 0.0, 5.551115123125783E-17
0.5040495999999993, 0.37943022736289117, 0.0, 0.37943022736289117, 0.0, 0.0
0.5050494999999994, 0.3799352137506521, 0.0, 0.379935213750652, 0.0, 1.1102230246251565E-16
0.5060493999999994, 0.3804392193346032, 0.0, 0.3804392193346031, 0.0, 5.551115123125783E-17
0.5070492999999995, 0.38094224411474437, 0.0, 0.3809422441147444, 0.0, 5.551115123125783E-17
0.5080491999999995, 0.38144428809107583, 0.0, 0.3814442880910759, 0.0, 5.551115123125783E-17
0.5090490999999996, 0.3819453512635975, 0.0, 0.3819453512635975, 0.0, 0.0
0.5100489999999996, 0.38244543363230926, 0.0, 0.38244543363230926, 0.0, 0.0
0.5110488999999997, 0.38294453519721133, 0.0, 0.3829445351972112, 0.0, 1.1102230246251565E-16
0.5120487999999997, 0.38344265595830357, 0.0, 0.3834426559583035, 0.0, 5.551115123125783E-17
0.5130486999999998, 0.3839397959155859, 0.0, 0.38393979591558597, 0.0, 5.551115123125783E-17
0.5140485999999999, 0.3844359550690586, 0.0, 0.38443595506905853, 0.0, 5.551115123125783E-17
0.5150484999999999, 0.3849311334187213, 0.0, 0.3849311334187213, 0.0, 0.0
0.5160484, 0.38542533096457426, 0.0, 0.3854253309645742, 0.0, 5.551115123125783E-17
0.5170483, 0.3859185477066175, 0.0, 0.3859185477066175, 0.0, 0.0
0.5180482000000001, 0.38641078364485076, 0.0, 0.3864107836448508, 0.0, 5.551115123125783E-17
0.5190481000000001, 0.3869020387792743, 0.0, 0.38690203877927437, 0.0, 5.551115123125783E-17
0.5200480000000002, 0.3873923131098881, 0.0, 0.38739231310988803, 0.0, 5.551115123125783E-17
0.5210479000000002, 0.38788160663669197, 0.0, 0.38788160663669197, 0.0, 0.0
0.5220478000000003, 0.3883699193596861, 0.0, 0.3883699193596861, 0.0, 0.0
0.5230477000000003, 0.3888572512788704, 0.0, 0.38885725127887033, 0.0, 5.551115123125783E-17
0.5240476000000004, 0.3893436023942449, 0.0, 0.389343602394245, 0.0, 5.551115123125783E-17
0.5250475000000004, 0.3898289727058096, 0.0, 0.3898289727058096, 0.0, 0.0
0.5260474000000005, 0.39031336221356444, 0.0, 0.3903133622135644, 0.0, 5.551115123125783E-17
0.5270473000000006, 0.3907967709175095, 0.0, 0.3907967709175095, 0.0, 0.0
0.5280472000000006, 0.3912791988176448, 0.0, 0.3912791988176448, 0.0, 0.0
0.5290471000000007, 0.39176064591397014, 0.0, 0.3917606459139702, 0.0, 5.551115123125783E-17
0.5300470000000007, 0.3922411122064859, 0.0, 0.3922411122064859, 0.0, 0.0
0.5310469000000008, 0.39272059769519163, 0.0, 0.39272059769519163, 0.0, 0.0
0.5320468000000008, 0.39319910238008765, 0.0, 0.3931991023800876, 0.0, 5.551115123125783E-17
0.5330467000000009, 0.3936766262611739, 0.0, 0.39367662626117383, 0.0, 5.551115123125783E-17
0.5340466000000009, 0.39415316933845024, 0.0, 0.39415316933845024, 0.0, 0.0
0.535046500000001, 0.3946287316119168, 0.0, 0.39462873161191686, 0.0, 5.551115123125783E-17
0.536046400000001, 0.3951033130815736, 0.0, 0.3951033130815736, 0.0, 0.0
0.5370463000000011, 0.3955769137474205, 0.0, 0.3955769137474205, 0.0, 0.0
0.5380462000000011, 0.3960495336094577, 0.0, 0.39604953360945766, 0.0, 5.551115123125783E-17
0.5390461000000012, 0.39652117266768505, 0.0, 0.3965211726676851, 0.0, 5.551115123125783E-17
0.5400460000000012, 0.39699183092210255, 0.0, 0.3969918309221026, 0.0, 5.551115123125783E-17
0.5410459000000013, 0.3974615083727103, 0.0, 0.39746150837271027, 0.0, 5.551115123125783E-17
0.5420458000000014, 0.39793020501950815, 0.0, 0.3979302050195082, 0.0, 5.551115123125783E-17
0.5430457000000014, 0.39839792086249626, 0.0, 0.3983979208624962, 0.0, 5.551115123125783E-17
0.5440456000000015, 0.3988646559016746, 0.0, 0.3988646559016745, 0.0, 5.551115123125783E-17
0.5450455000000015, 0.399330410137043, 0.0, 0.39933041013704307, 0.0, 5.551115123125783E-17
0.5460454000000016, 0.3997951835686018, 0.0, 0.3997951835686018, 0.0, 0.0
0.5470453000000016, 0.4002589761963506, 0.0, 0.40025897619635054, 0.0, 5.551115123125783E-17
0.5480452000000017, 0.4007217880202896, 0.0, 0.4007217880202896, 0.0, 0.0
0.5490451000000017, 0.4011836190404189, 0.0, 0.40118361904041894, 0.0, 5.551115123125783E-17
0.5500450000000018, 0.4016444692567383, 0.0, 0.4016444692567383, 0.0, 0.0
0.5510449000000018, 0.402104338669248, 0.0, 0.402104338669248, 0.0, 0.0
0.5520448000000019, 0.40256322727794774, 0.0, 0.40256322727794774, 0.0, 0.0
0.5530447000000019, 0.40302113508283777, 0.0, 0.40302113508283766, 0.0, 1.1102230246251565E-16
0.554044600000002, 0.40347806208391795, 0.0, 0.4034780620839179, 0.0, 5.551115123125783E-17
0.555044500000002, 0.4039340082811883, 0.0, 0.4039340082811883, 0.0, 0.0
0.5560444000000021, 0.4043889736746489, 0.0, 0.4043889736746489, 0.0, 0.0
0.5570443000000022, 0.4048429582642996, 0.0, 0.40484295826429967, 0.0, 5.551115123125783E-17
0.5580442000000022, 0.4052959620501405, 0.0, 0.4052959620501405, 0.0, 0.0
0.5590441000000023, 0.40574798503217174, 0.0, 0.4057479850321717, 0.0, 5.551115123125783E-17
0.5600440000000023, 0.406199027210393, 0.0, 0.4061990272103931, 0.0, 5.551115123125783E-17
0.5610439000000024, 0.4066490885848046, 0.0, 0.40664908858480464, 0.0, 5.551115123125783E-17
0.5620438000000024, 0.4070981691554063, 0.0, 0.40709816915540625, 0.0, 5.551115123125783E-17
0.5630437000000025, 0.40754626892219814, 0.0, 0.40754626892219814, 0.0, 0.0
0.5640436000000025, 0.40799338788518025, 0.0, 0.4079933878851802, 0.0, 5.551115123125783E-17
0.5650435000000026, 0.4084395260443525, 0.0, 0.40843952604435246, 0.0, 5.551115123125783E-17
0.5660434000000026, 0.40888468339971495, 0.0, 0.408884683399715, 0.0, 5.551115123125783E-17
0.5670433000000027, 0.40932885995126767, 0.0, 0.40932885995126767, 0.0, 0.0
0.5680432000000027, 0.4097720556990105, 0.0, 0.4097720556990105, 0.0, 0.0
0.5690431000000028, 0.4102142706429435, 0.0, 0.41021427064294347, 0.0, 5.551115123125783E-17
0.5700430000000029, 0.4106555047830668, 0.0, 0.4106555047830667, 0.0, 5.551115123125783E-17
0.5710429000000029, 0.41109575811938015, 0.0, 0.41109575811938015, 0.0, 0.0
0.572042800000003, 0.41153503065188374, 0.0, 0.41153503065188385, 0.0, 1.1102230246251565E-16
0.573042700000003, 0.41197332238057754, 0.0, 0.41197332238057754, 0.0, 0.0
0.5740426000000031, 0.4124106333054615, 0.0, 0.4124106333054615, 0.0, 0.0
0.5750425000000031, 0.41284696342653576, 0.0, 0.41284696342653576, 0.0, 0.0
0.5760424000000032, 0.41328231274380006, 0.0, 0.41328231274380006, 0.0, 0.0
0.5770423000000032, 0.41371668125725464, 0.0, 0.41371668125725464, 0.0, 0.0
0.5780422000000033, 0.41415006896689943, 0.0, 0.41415006896689943, 0.0, 0.0
0.5790421000000033, 0.4145824758727343, 0.0, 0.4145824758727343, 0.0, 0.0
0.5800420000000034, 0.41501390197475946, 0.0, 0.41501390197475935, 0.0, 1.1102230246251565E-16
0.5810419000000034, 0.41544434727297475, 0.0, 0.41544434727297486, 0.0, 1.1102230246251565E-16
0.5820418000000035, 0.41587381176738025, 0.0, 0.41587381176738025, 0.0, 0.0
0.5830417000000035, 0.416302295457976, 0.0, 0.416302295457976, 0.0, 0.0
0.5840416000000036, 0.4167297983447618, 0.0, 0.41672979834476187, 0.0, 5.551115123125783E-17
0.5850415000000037, 0.4171563204277379, 0.0, 0.41715632042773787, 0.0, 5.551115123125783E-17
0.5860414000000037, 0.4175818617069042, 0.0, 0.41758186170690414, 0.0, 5.551115123125783E-17
0.5870413000000038, 0.41800642218226064, 0.0, 0.4180064221822607, 0.0, 5.551115123125783E-17
0.5880412000000038, 0.4184300018538073, 0.0, 0.41843000185380735, 0.0, 5.551115123125783E-17
0.5890411000000039, 0.4188526007215441, 0.0, 0.4188526007215441, 0.0, 0.0
0.5900410000000039, 0.4192742187854711, 0.0, 0.4192742187854711, 0.0, 0.0
0.591040900000004, 0.41969485604558837, 0.0, 0.41969485604558837, 0.0, 0.0
0.592040800000004, 0.42011451250189574, 0.0, 0.4201145125018958, 0.0, 5.551115123125783E-17
0.5930407000000041, 0.42053318815439333, 0.0, 0.42053318815439344, 0.0, 1.1102230246251565E-16
0.5940406000000041, 0.42095088300308114, 0.0, 0.42095088300308114, 0.0, 0.0
0.5950405000000042, 0.42136759704795906, 0.0, 0.42136759704795906, 0.0, 0.0
0.5960404000000042, 0.42178333028902726, 0.0, 0.4217833302890272, 0.0, 5.551115123125783E-17
0.5970403000000043, 0.4221980827262856, 0.0, 0.42219808272628556, 0.0, 5.551115123125783E-17
0.5980402000000044, 0.42261185435973414, 0.0, 0.42261185435973414, 0.0, 0.0
0.5990401000000044, 0.42302464518937294, 0.0, 0.42302464518937294, 0.0, 0.0
0.6000400000000045, 0.4234364552152018, 0.0, 0.4234364552152018, 0.0, 0.0
0.6010399000000045, 0.4238472844372209, 0.0, 0.42384728443722086, 0.0, 5.551115123125783E-17
0.6020398000000046, 0.42425713285543026, 0.0, 0.4242571328554302, 0.0, 5.551115123125783E-17
0.6030397000000046, 0.4246660004698297, 0.0, 0.4246660004698298, 0.0, 5.551115123125783E-17
0.6040396000000047, 0.4250738872804194, 0.0, 0.42507388728041945, 0.0, 5.551115123125783E-17
0.6050395000000047, 0.4254807932871993, 0.0, 0.4254807932871993, 0.0, 0.0
0.6060394000000048, 0.4258867184901693, 0.0, 0.4258867184901693, 0.0, 0.0
0.6070393000000048, 0.4262916628893296, 0.0, 0.42629166288932957, 0.0, 5.551115123125783E-17
0.6080392000000049, 0.42669562648468, 0.0, 0.42669562648468, 0.0, 0.0
0.6090391000000049, 0.4270986092762207, 0.0, 0.42709860927622073, 0.0, 5.551115123125783E-17
0.610039000000005, 0.4275006112639515, 0.0, 0.4275006112639515, 0.0, 0.0
0.611038900000005, 0.4279016324478725, 0.0, 0.4279016324478725, 0.0, 0.0
0.6120388000000051, 0.4283016728279837, 0.0, 0.42830167282798365, 0.0, 5.551115123125783E-17
0.6130387000000052, 0.4287007324042851, 0.0, 0.42870073240428513, 0.0, 5.551115123125783E-17
0.6140386000000052, 0.4290988111767766, 0.0, 0.4290988111767767, 0.0, 5.551115123125783E-17
0.6150385000000053, 0.4294959091454585, 0.0, 0.4294959091454585, 0.0, 0.0
0.6160384000000053, 0.4298920263103304, 0.0, 0.42989202631033036, 0.0, 5.551115123125783E-17
0.6170383000000054, 0.43028716267139255, 0.0, 0.4302871626713925, 0.0, 5.551115123125783E-17
0.6180382000000054, 0.4306813182286449, 0.0, 0.43068131822864486, 0.0, 5.551115123125783E-17
0.6190381000000055, 0.4310744929820874, 0.0, 0.43107449298208744, 0.0, 5.551115123125783E-17
0.6200380000000055, 0.43146668693172013, 0.0, 0.43146668693172024, 0.0, 1.1102230246251565E-16
0.6210379000000056, 0.43185790007754304, 0.0, 0.43185790007754304, 0.0, 0.0
0.6220378000000056, 0.4322481324195561, 0.0, 0.4322481324195561, 0.0, 0.0
0.6230377000000057, 0.43263738395775947, 0.0, 0.43263738395775947, 0.0, 0.0
0.6240376000000057, 0.43302565469215293, 0.0, 0.433025654692153, 0.0, 5.551115123125783E-17
0.6250375000000058, 0.4334129446227366, 0.0, 0.43341294462273666, 0.0, 5.551115123125783E-17
0.6260374000000059, 0.4337992537495105, 0.0, 0.4337992537495105, 0.0, 0.0
0.6270373000000059, 0.43418458207247446, 0.0, 0.43418458207247446, 0.0, 0.0
0.628037200000006, 0.43456892959162874, 0.0, 0.4345689295916286, 0.0, 1.1102230246251565E-16
0.629037100000006, 0.4349522963069732, 0.0, 0.4349522963069732, 0.0, 0.0
0.6300370000000061, 0.43533468221850774, 0.0, 0.4353346822185078, 0.0, 5.551115123125783E-17
0.6310369000000061, 0.4357160873262326, 0.0, 0.4357160873262326, 0.0, 0.0
0.6320368000000062, 0.4360965116301476, 0.0, 0.4360965116301476, 0.0, 0.0
0.6330367000000062, 0.4364759551302528, 0.0, 0.4364759551302527, 0.0, 5.551115123125783E-17
0.6340366000000063, 0.4368544178265482, 0.0, 0.43685441782654816, 0.0, 5.551115123125783E-17
0.6350365000000063, 0.4372318997190337, 0.0, 0.43723189971903376, 0.0, 5.551115123125783E-17
0.6360364000000064, 0.4376084008077095, 0.0, 0.4376084008077096, 0.0, 5.551115123125783E-17
0.6370363000000064, 0.43798392109257545, 0.0, 0.43798392109257545, 0.0, 0.0
0.6380362000000065, 0.43835846057363154, 0.0, 0.43835846057363154, 0.0, 0.0
0.6390361000000065, 0.43873201925087796, 0.0, 0.4387320192508779, 0.0, 5.551115123125783E-17
0.6400360000000066, 0.43910459712431443, 0.0, 0.4391045971243144, 0.0, 5.551115123125783E-17
0.6410359000000067, 0.4394761941939411, 0.0, 0.43947619419394124, 0.0, 1.1102230246251565E-16
0.6420358000000067, 0.43984681045975804, 0.0, 0.43984681045975804, 0.0, 0.0
0.6430357000000068, 0.4402164459217651, 0.0, 0.44021644592176506, 0.0, 5.551115123125783E-17
0.6440356000000068, 0.4405851005799624, 0.0, 0.44058510057996236, 0.0, 5.551115123125783E-17
0.6450355000000069, 0.4409527744343499, 0.0, 0.44095277443434994, 0.0, 5.551115123125783E-17
0.6460354000000069, 0.4413194674849275, 0.0, 0.4413194674849275, 0.0, 0.0
0.647035300000007, 0.4416851797316954, 0.0, 0.44168517973169547, 0.0, 5.551115123125783E-17
0.648035200000007, 0.4420499111746534, 0.0, 0.4420499111746534, 0.0, 0.0
0.6490351000000071, 0.44241366181380165, 0.0, 0.44241366181380154, 0.0, 1.1102230246251565E-16
0.6500350000000071, 0.4427764316491401, 0.0, 0.44277643164914005, 0.0, 5.551115123125783E-17
0.6510349000000072, 0.44313822068066866, 0.0, 0.4431382206806686, 0.0, 5.551115123125783E-17
0.6520348000000072, 0.44349902890838744, 0.0, 0.4434990289083875, 0.0, 5.551115123125783E-17
0.6530347000000073, 0.44385885633229644, 0.0, 0.4438588563322965, 0.0, 5.551115123125783E-17
0.6540346000000073, 0.4442177029523956, 0.0, 0.4442177029523956, 0.0, 0.0
0.6550345000000074, 0.44457556876868504, 0.0, 0.444575568768685, 0.0, 5.551115123125783E-17
0.6560344000000075, 0.4449324537811645, 0.0, 0.44493245378116464, 0.0, 1.1102230246251565E-16
0.6570343000000075, 0.4452883579898343, 0.0, 0.4452883579898344, 0.0, 1.1102230246251565E-16
0.6580342000000076, 0.4456432813946943, 0.0, 0.4456432813946942, 0.0, 5.551115123125783E-17
0.6590341000000076, 0.4459972239957443, 0.0, 0.4459972239957444, 0.0, 5.551115123125783E-17
0.6600340000000077, 0.4463501857929847, 0.0, 0.4463501857929846, 0.0, 1.1102230246251565E-16
0.6610339000000077, 0.4467021667864152, 0.0, 0.4467021667864151, 0.0, 1.1102230246251565E-16
0.6620338000000078, 0.4470531669760358, 0.0, 0.4470531669760359, 0.0, 1.1102230246251565E-16
0.6630337000000078, 0.44740318636184684, 0.0, 0.44740318636184684, 0.0, 0.0
0.6640336000000079, 0.4477522249438478, 0.0, 0.4477522249438478, 0.0, 0.0
0.6650335000000079, 0.4481002827220391, 0.0, 0.44810028272203906, 0.0, 5.551115123125783E-17
0.666033400000008, 0.4484473596964206, 0.0, 0.4484473596964205, 0.0, 5.551115123125783E-17
0.667033300000008, 0.4487934558669922, 0.0, 0.4487934558669922, 0.0, 0.0
0.6680332000000081, 0.44913857123375406, 0.0, 0.4491385712337541, 0.0, 5.551115123125783E-17
0.6690331000000082, 0.4494827057967061, 0.0, 0.4494827057967061, 0.0, 0.0
0.6700330000000082, 0.44982585955584825, 0.0, 0.4498258595558482, 0.0, 5.551115123125783E-17
0.6710329000000083, 0.45016803251118076, 0.0, 0.4501680325111807, 0.0, 5.551115123125783E-17
0.6720328000000083, 0.45050922466270327, 0.0, 0.4505092246627032, 0.0, 5.551115123125783E-17
0.6730327000000084, 0.4508494360104161, 0.0, 0.45084943601041616, 0.0, 5.551115123125783E-17
0.6740326000000084, 0.45118866655431905, 0.0, 0.4511886665543191, 0.0, 5.551115123125783E-17
0.6750325000000085, 0.45152691629441216, 0.0, 0.45152691629441216, 0.0, 0.0
0.6760324000000085, 0.45186418523069555, 0.0, 0.45186418523069544, 0.0, 1.1102230246251565E-16
0.6770323000000086, 0.4522004733631691, 0.0, 0.4522004733631692, 0.0, 1.1102230246251565E-16
0.6780322000000086, 0.4525357806918328, 0.0, 0.45253578069183287, 0.0, 5.551115123125783E-17
0.6790321000000087, 0.4528701072166868, 0.0, 0.4528701072166868, 0.0, 0.0
0.6800320000000087, 0.4532034529377309, 0.0, 0.4532034529377309, 0.0, 0.0
0.6810319000000088, 0.4535358178549652, 0.0, 0.4535358178549651, 0.0, 1.1102230246251565E-16
0.6820318000000088, 0.4538672019683897, 0.0, 0.4538672019683897, 0.0, 0.0
0.6830317000000089, 0.45419760527800435, 0.0, 0.45419760527800435, 0.0, 0.0
0.684031600000009, 0.4545270277838092, 0.0, 0.4545270277838093, 0.0, 1.1102230246251565E-16
0.685031500000009, 0.4548554694858043, 0.0, 0.4548554694858043, 0.0, 0.0
0.6860314000000091, 0.4551829303839895, 0.0, 0.45518293038398955, 0.0, 5.551115123125783E-17
0.6870313000000091, 0.455509410478365, 0.0, 0.455509410478365, 0.0, 0.0
0.6880312000000092, 0.4558349097689306, 0.0, 0.4558349097689306, 0.0, 0.0
0.6890311000000092, 0.45615942825568645, 0.0, 0.45615942825568656, 0.0, 1.1102230246251565E-16
0.6900310000000093, 0.45648296593863247, 0.0, 0.45648296593863247, 0.0, 0.0
0.6910309000000093, 0.45680552281776865, 0.0, 0.45680552281776865, 0.0, 0.0
0.6920308000000094, 0.45712709889309505, 0.0, 0.457127098893095, 0.0, 5.551115123125783E-17
0.6930307000000094, 0.4574476941646117, 0.0, 0.4574476941646117, 0.0, 0.0
0.6940306000000095, 0.45776730863231835, 0.0, 0.45776730863231835, 0.0, 0.0
0.6950305000000095, 0.4580859422962154, 0.0, 0.45808594229621546, 0.0, 5.551115123125783E-17
0.6960304000000096, 0.4584035951563025, 0.0, 0.4584035951563025, 0.0, 0.0
0.6970303000000097, 0.45872026721257986, 0.0, 0.4587202672125798, 0.0, 5.551115123125783E-17
0.6980302000000097, 0.4590359584650474, 0.0, 0.45903595846504747, 0.0, 5.551115123125783E-17
0.6990301000000098, 0.4593506689137051, 0.0, 0.4593506689137051, 0.0, 0.0
0.7000300000000098, 0.459664398558553, 0.0, 0.45966439855855307, 0.0, 5.551115123125783E-17
0.7010299000000099, 0.45997714739959117, 0.0, 0.45997714739959117, 0.0, 0.0
0.7020298000000099, 0.4602889154368194, 0.0, 0.4602889154368194, 0.0, 0.0
0.70302970000001, 0.460599702670238, 0.0, 0.4605997026702379, 0.0, 5.551115123125783E-17
0.70402960000001, 0.46090950909984657, 0.0, 0.46090950909984657, 0.0, 0.0
0.7050295000000101, 0.46121833472564544, 0.0, 0.46121833472564555, 0.0, 1.1102230246251565E-16
0.7060294000000101, 0.46152617954763453, 0.0, 0.46152617954763453, 0.0, 0.0
0.7070293000000102, 0.46183304356581373, 0.0, 0.46183304356581373, 0.0, 0.0
0.7080292000000102, 0.46213892678018326, 0.0, 0.46213892678018326, 0.0, 0.0
0.7090291000000103, 0.4624438291907428, 0.0, 0.4624438291907428, 0.0, 0.0
0.7100290000000103, 0.46274775079749264, 0.0, 0.46274775079749275, 0.0, 1.1102230246251565E-16
0.7110289000000104, 0.46305069160043266, 0.0, 0.46305069160043266, 0.0, 0.0
0.7120288000000105, 0.4633526515995628, 0.0, 0.4633526515995628, 0.0, 0.0
0.7130287000000105, 0.4636536307948832, 0.0, 0.46365363079488314, 0.0, 5.551115123125783E-17
0.7140286000000106, 0.46395362918639377, 0.0, 0.46395362918639377, 0.0, 0.0
0.7150285000000106, 0.4642526467740945, 0.0, 0.46425264677409445, 0.0, 5.551115123125783E-17
0.7160284000000107, 0.4645506835579855, 0.0, 0.46455068355798557, 0.0, 5.551115123125783E-17
0.7170283000000107, 0.46484773953806663, 0.0, 0.46484773953806663, 0.0, 0.0
0.7180282000000108, 0.46514381471433797, 0.0, 0.46514381471433786, 0.0, 1.1102230246251565E-16
0.7190281000000108, 0.4654389090867995, 0.0, 0.4654389090867995, 0.0, 0.0
0.7200280000000109, 0.46573302265545113, 0.0, 0.46573302265545113, 0.0, 0.0
0.7210279000000109, 0.4660261554202931, 0.0, 0.46602615542029313, 0.0, 5.551115123125783E-17
0.722027800000011, 0.4663183073813252, 0.0, 0.4663183073813252, 0.0, 0.0
0.723027700000011, 0.4666094785385474, 0.0, 0.4666094785385474, 0.0, 0.0
0.7240276000000111, 0.46689966889196, 0.0, 0.46689966889195994, 0.0, 5.551115123125783E-17
0.7250275000000111, 0.4671888784415626, 0.0, 0.4671888784415626, 0.0, 0.0
0.7260274000000112, 0.4674771071873554, 0.0, 0.4674771071873555, 0.0, 1.1102230246251565E-16
0.7270273000000113, 0.4677643551293385, 0.0, 0.4677643551293385, 0.0, 0.0
0.7280272000000113, 0.46805062226751165, 0.0, 0.4680506222675117, 0.0, 5.551115123125783E-17
0.7290271000000114, 0.46833590860187513, 0.0, 0.468335908601875, 0.0, 1.1102230246251565E-16
0.7300270000000114, 0.4686202141324287, 0.0, 0.4686202141324287, 0.0, 0.0
0.7310269000000115, 0.46890353885917246, 0.0, 0.46890353885917246, 0.0, 0.0
0.7320268000000115, 0.46918588278210654, 0.0, 0.46918588278210654, 0.0, 0.0
0.7330267000000116, 0.4694672459012307, 0.0, 0.4694672459012307, 0.0, 0.0
0.7340266000000116, 0.4697476282165451, 0.0, 0.469747628216545, 0.0, 1.1102230246251565E-16
0.7350265000000117, 0.47002702972804966, 0.0, 0.47002702972804966, 0.0, 0.0
0.7360264000000117, 0.47030545043574434, 0.0, 0.4703054504357443, 0.0, 5.551115123125783E-17
0.7370263000000118, 0.4705828903396293, 0.0, 0.4705828903396294, 0.0, 1.1102230246251565E-16
0.7380262000000118, 0.4708593494397044, 0.0, 0.4708593494397044, 0.0, 0.0
0.7390261000000119, 0.4711348277359697, 0.0, 0.47113482773596965, 0.0, 5.551115123125783E-17
0.740026000000012, 0.4714093252284253, 0.0, 0.4714093252284253, 0.0, 0.0
0.741025900000012, 0.47168284191707094, 0.0, 0.47168284191707094, 0.0, 0.0
0.7420258000000121, 0.47195537780190683, 0.0, 0.47195537780190694, 0.0, 1.1102230246251565E-16
0.7430257000000121, 0.47222693288293294, 0.0, 0.472226932882933, 0.0, 5.551115123125783E-17
0.7440256000000122, 0.47249750716014915, 0.0, 0.47249750716014915, 0.0, 0.0
0.7450255000000122, 0.47276710063355565, 0.0, 0.47276710063355554, 0.0, 1.1102230246251565E-16
0.7460254000000123, 0.4730357133031523, 0.0, 0.4730357133031523, 0.0, 0.0
0.7470253000000123, 0.47330334516893907, 0.0, 0.4733033451689391, 0.0, 5.551115123125783E-17
0.7480252000000124, 0.4735699962309162, 0.0, 0.47356999623091617, 0.0, 5.551115123125783E-17
0.7490251000000124, 0.4738356664890834, 0.0, 0.4738356664890834, 0.0, 0.0
0.7500250000000125, 0.4741003559434408, 0.0, 0.4741003559434407, 0.0, 1.1102230246251565E-16
0.7510249000000125, 0.4743640645939884, 0.0, 0.47436406459398844, 0.0, 5.551115123125783E-17
0.7520248000000126, 0.47462679244072614, 0.0, 0.4746267924407261, 0.0, 5.551115123125783E-17
0.7530247000000126, 0.4748885394836541, 0.0, 0.4748885394836542, 0.0, 1.1102230246251565E-16
0.7540246000000127, 0.4751493057227723, 0.0, 0.47514930572277236, 0.0, 5.551115123125783E-17
0.7550245000000128, 0.4754090911580806, 0.0, 0.47540909115808055, 0.0, 5.551115123125783E-17
0.7560244000000128, 0.47566789578957924, 0.0, 0.47566789578957924, 0.0, 0.0
0.7570243000000129, 0.47592571961726793, 0.0, 0.475925719617268, 0.0, 5.551115123125783E-17
0.7580242000000129, 0.4761825626411469, 0.0, 0.47618256264114694, 0.0, 5.551115123125783E-17
0.759024100000013, 0.476438424861216, 0.0, 0.476438424861216, 0.0, 0.0
0.760024000000013, 0.47669330627747525, 0.0, 0.4766933062774753, 0.0, 5.551115123125783E-17
0.7610239000000131, 0.47694720688992476, 0.0, 0.47694720688992465, 0.0, 1.1102230246251565E-16
0.7620238000000131, 0.4772001266985645, 0.0, 0.4772001266985645, 0.0, 0.0
0.7630237000000132, 0.47745206570339427, 0.0, 0.4774520657033943, 0.0, 5.551115123125783E-17
0.7640236000000132, 0.47770302390441444, 0.0, 0.47770302390441444, 0.0, 0.0
0.7650235000000133, 0.47795300130162466, 0.0, 0.47795300130162466, 0.0, 0.0
0.7660234000000133, 0.4782019978950251, 0.0, 0.47820199789502504, 0.0, 5.551115123125783E-17
0.7670233000000134, 0.47845001368461576, 0.0, 0.47845001368461576, 0.0, 0.0
0.7680232000000135, 0.47869704867039653, 0.0, 0.47869704867039653, 0.0, 0.0
0.7690231000000135, 0.4789431028523676, 0.0, 0.4789431028523677, 0.0, 1.1102230246251565E-16
0.7700230000000136, 0.4791881762305288, 0.0, 0.4791881762305288, 0.0, 0.0
0.7710229000000136, 0.47943226880488016, 0.0, 0.47943226880488016, 0.0, 0.0
0.7720228000000137, 0.4796753805754218, 0.0, 0.47967538057542186, 0.0, 5.551115123125783E-17
0.7730227000000137, 0.4799175115421535, 0.0, 0.4799175115421535, 0.0, 0.0
0.7740226000000138, 0.48015866170507554, 0.0, 0.4801586617050756, 0.0, 5.551115123125783E-17
0.7750225000000138, 0.4803988310641877, 0.0, 0.48039883106418774, 0.0, 5.551115123125783E-17
0.7760224000000139, 0.48063801961949, 0.0, 0.48063801961948993, 0.0, 5.551115123125783E-17
0.7770223000000139, 0.4808762273709825, 0.0, 0.48087622737098246, 0.0, 5.551115123125783E-17
0.778022200000014, 0.48111345431866526, 0.0, 0.4811134543186653, 0.0, 5.551115123125783E-17
0.779022100000014, 0.4813497004625381, 0.0, 0.48134970046253817, 0.0, 5.551115123125783E-17
0.7800220000000141, 0.48158496580260135, 0.0, 0.48158496580260135, 0.0, 0.0
0.7810219000000141, 0.4818192503388546, 0.0, 0.4818192503388546, 0.0, 0.0
0.7820218000000142, 0.48205255407129805, 0.0, 0.48205255407129793, 0.0, 1.1102230246251565E-16
0.7830217000000143, 0.4822848769999318, 0.0, 0.4822848769999318, 0.0, 0.0
0.7840216000000143, 0.48251621912475556, 0.0, 0.4825162191247556, 0.0, 5.551115123125783E-17
0.7850215000000144, 0.4827465804457696, 0.0, 0.4827465804457697, 0.0, 5.551115123125783E-17
0.7860214000000144, 0.4829759609629739, 0.0, 0.4829759609629739, 0.0, 0.0
0.7870213000000145, 0.4832043606763683, 0.0, 0.4832043606763683, 0.0, 0.0
0.7880212000000145, 0.483431779585953, 0.0, 0.48343177958595296, 0.0, 5.551115123125783E-17
0.7890211000000146, 0.48365821769172773, 0.0, 0.48365821769172773, 0.0, 0.0
0.7900210000000146, 0.4838836749936928, 0.0, 0.4838836749936929, 0.0, 1.1102230246251565E-16
0.7910209000000147, 0.484108151491848, 0.0, 0.48410815149184794, 0.0, 5.551115123125783E-17
0.7920208000000147, 0.4843316471861933, 0.0, 0.4843316471861933, 0.0, 0.0
0.7930207000000148, 0.4845541620767289, 0.0, 0.48455416207672897, 0.0, 5.551115123125783E-17
0.7940206000000148, 0.4847756961634547, 0.0, 0.4847756961634547, 0.0, 0.0
0.7950205000000149, 0.48499624944637054, 0.0, 0.48499624944637054, 0.0, 0.0
0.796020400000015, 0.4852158219254768, 0.0, 0.48521582192547685, 0.0, 5.551115123125783E-17
0.797020300000015, 0.4854344136007731, 0.0, 0.48543441360077305, 0.0, 5.551115123125783E-17
0.7980202000000151, 0.48565202447225964, 0.0, 0.4856520244722595, 0.0, 1.1102230246251565E-16
0.7990201000000151, 0.4858686545399364, 0.0, 0.4858686545399364, 0.0, 0.0
0.8000200000000152, 0.4860843038038032, 0.0, 0.4860843038038032, 0.0, 0.0
0.8010199000000152, 0.4862989722638603, 0.0, 0.4862989722638604, 0.0, 5.551115123125783E-17
0.8020198000000153, 0.4865126599201076, 0.0, 0.48651265992010767, 0.0, 5.551115123125783E-17
0.8030197000000153, 0.486725366772545, 0.0, 0.48672536677254497, 0.0, 5.551115123125783E-17
0.8040196000000154, 0.4869370928211728, 0.0, 0.4869370928211728, 0.0, 0.0
0.8050195000000154, 0.4871478380659906, 0.0, 0.4871478380659906, 0.0, 0.0
0.8060194000000155, 0.48735760250699867, 0.0, 0.4873576025069987, 0.0, 5.551115123125783E-17
0.8070193000000155, 0.4875663861441969, 0.0, 0.4875663861441969, 0.0, 0.0
0.8080192000000156, 0.48777418897758523, 0.0, 0.4877741889775853, 0.0, 5.551115123125783E-17
0.8090191000000156, 0.4879810110071639, 0.0, 0.48798101100716373, 0.0, 1.6653345369377348E-16
0.8100190000000157, 0.4881868522329327, 0.0, 0.4881868522329327, 0.0, 0.0
0.8110189000000158, 0.4883917126548916, 0.0, 0.48839171265489173, 0.0, 1.1102230246251565E-16
0.8120188000000158, 0.4885955922730409, 0.0, 0.4885955922730409, 0.0, 0.0
0.8130187000000159, 0.4887984910873802, 0.0, 0.4887984910873802, 0.0, 0.0
0.8140186000000159, 0.4890004090979098, 0.0, 0.48900040909790976, 0.0, 5.551115123125783E-17
0.815018500000016, 0.4892013463046296, 0.0, 0.4892013463046295, 0.0, 5.551115123125783E-17
0.816018400000016, 0.48940130270753945, 0.0, 0.4894013027075395, 0.0, 5.551115123125783E-17
0.8170183000000161, 0.4896002783066396, 0.0, 0.4896002783066397, 0.0, 1.1102230246251565E-16
0.8180182000000161, 0.4897982731019299, 0.0, 0.4897982731019299, 0.0, 0.0
0.8190181000000162, 0.4899952870934104, 0.0, 0.4899952870934104, 0.0, 0.0
0.8200180000000162, 0.4901913202810812, 0.0, 0.49019132028108126, 0.0, 5.551115123125783E-17
0.8210179000000163, 0.490386372664942, 0.0, 0.490386372664942, 0.0, 0.0
0.8220178000000163, 0.49058044424499314, 0.0, 0.4905804442449932, 0.0, 5.551115123125783E-17
0.8230177000000164, 0.4907735350212344, 0.0, 0.49077353502123444, 0.0, 5.551115123125783E-17
0.8240176000000164, 0.4909656449936658, 0.0, 0.49096564499366574, 0.0, 5.551115123125783E-17
0.8250175000000165, 0.4911567741622875, 0.0, 0.4911567741622875, 0.0, 0.0
0.8260174000000166, 0.49134692252709933, 0.0, 0.4913469225270994, 0.0, 5.551115123125783E-17
0.8270173000000166, 0.4915360900881013, 0.0, 0.4915360900881013, 0.0, 0.0
0.8280172000000167, 0.49172427684529363, 0.0, 0.49172427684529363, 0.0, 0.0
0.8290171000000167, 0.49191148279867597, 0.0, 0.491911482798676, 0.0, 5.551115123125783E-17
0.8300170000000168, 0.4920977079482486, 0.0, 0.4920977079482486, 0.0, 0.0
0.8310169000000168, 0.4922829522940114, 0.0, 0.4922829522940114, 0.0, 0.0
0.8320168000000169, 0.4924672158359643, 0.0, 0.49246721583596437, 0.0, 5.551115123125783E-17
0.8330167000000169, 0.4926504985741075, 0.0, 0.49265049857410753, 0.0, 5.551115123125783E-17
0.834016600000017, 0.49283280050844086, 0.0, 0.49283280050844086, 0.0, 0.0
0.835016500000017, 0.49301412163896435, 0.0, 0.4930141216389644, 0.0, 5.551115123125783E-17
0.8360164000000171, 0.49319446196567823, 0.0, 0.4931944619656782, 0.0, 5.551115123125783E-17
0.8370163000000171, 0.49337382148858205, 0.0, 0.49337382148858205, 0.0, 0.0
0.8380162000000172, 0.4935522002076762, 0.0, 0.4935522002076763, 0.0, 1.1102230246251565E-16
0.8390161000000173, 0.4937295981229605, 0.0, 0.4937295981229605, 0.0, 0.0
0.8400160000000173, 0.49390601523443495, 0.0, 0.49390601523443495, 0.0, 0.0
0.8410159000000174, 0.4940814515420997, 0.0, 0.4940814515420996, 0.0, 1.1102230246251565E-16
0.8420158000000174, 0.49425590704595457, 0.0, 0.49425590704595457, 0.0, 0.0
0.8430157000000175, 0.4944293817459996, 0.0, 0.49442938174599965, 0.0, 5.551115123125783E-17
0.8440156000000175, 0.49460187564223496, 0.0, 0.49460187564223496, 0.0, 0.0
0.8450155000000176, 0.4947733887346603, 0.0, 0.4947733887346603, 0.0, 0.0
0.8460154000000176, 0.494943921023276, 0.0, 0.4949439210232759, 0.0, 1.1102230246251565E-16
0.8470153000000177, 0.49511347250808185, 0.0, 0.49511347250808185, 0.0, 0.0
0.8480152000000177, 0.49528204318907776, 0.0, 0.4952820431890778, 0.0, 5.551115123125783E-17
0.8490151000000178, 0.495449633066264, 0.0, 0.4954496330662641, 0.0, 1.1102230246251565E-16
0.8500150000000178, 0.49561624213964045, 0.0, 0.49561624213964045, 0.0, 0.0
0.8510149000000179, 0.49578187040920696, 0.0, 0.4957818704092069, 0.0, 5.551115123125783E-17
0.852014800000018, 0.49594651787496385, 0.0, 0.49594651787496385, 0.0, 0.0
0.853014700000018, 0.49611018453691075, 0.0, 0.49611018453691075, 0.0, 0.0
0.854014600000018, 0.4962728703950479, 0.0, 0.49627287039504797, 0.0, 5.551115123125783E-17
0.8550145000000181, 0.4964345754493753, 0.0, 0.4964345754493753, 0.0, 0.0
0.8560144000000182, 0.49659529969989274, 0.0, 0.4965952996998928, 0.0, 5.551115123125783E-17
0.8570143000000182, 0.4967550431466005, 0.0, 0.4967550431466005, 0.0, 0.0
0.8580142000000183, 0.49691380578949845, 0.0, 0.49691380578949845, 0.0, 0.0
0.8590141000000183, 0.4970715876285865, 0.0, 0.4970715876285865, 0.0, 0.0
0.8600140000000184, 0.4972283886638649, 0.0, 0.4972283886638649, 0.0, 0.0
0.8610139000000184, 0.4973842088953333, 0.0, 0.4973842088953333, 0.0, 0.0
0.8620138000000185, 0.497539048322992, 0.0, 0.49753904832299206, 0.0, 5.551115123125783E-17
0.8630137000000185, 0.4976929069468409, 0.0, 0.4976929069468409, 0.0, 0.0
0.8640136000000186, 0.49784578476687985, 0.0, 0.49784578476687985, 0.0, 0.0
0.8650135000000186, 0.4979976817831092, 0.0, 0.49799768178310927, 0.0, 5.551115123125783E-17
0.8660134000000187, 0.4981485979955286, 0.0, 0.4981485979955286, 0.0, 0.0
0.8670133000000187, 0.49829853340413827, 0.0, 0.49829853340413816, 0.0, 1.1102230246251565E-16
0.8680132000000188, 0.49844748800893807, 0.0, 0.4984474880089381, 0.0, 5.551115123125783E-17
0.8690131000000189, 0.49859546180992803, 0.0, 0.498595461809928, 0.0, 5.551115123125783E-17
0.8700130000000189, 0.4987424548071082, 0.0, 0.4987424548071083, 0.0, 1.1102230246251565E-16
0.871012900000019, 0.4988884670004786, 0.0, 0.4988884670004787, 0.0, 5.551115123125783E-17
0.872012800000019, 0.49903349839003913, 0.0, 0.49903349839003913, 0.0, 0.0
0.8730127000000191, 0.49917754897579003, 0.0, 0.49917754897579003, 0.0, 0.0
0.8740126000000191, 0.4993206187577309, 0.0, 0.4993206187577309, 0.0, 0.0
0.8750125000000192, 0.4994627077358621, 0.0, 0.49946270773586215, 0.0, 5.551115123125783E-17
0.8760124000000192, 0.49960381591018344, 0.0, 0.49960381591018344, 0.0, 0.0
0.8770123000000193, 0.4997439432806949, 0.0, 0.49974394328069494, 0.0, 5.551115123125783E-17
0.8780122000000193, 0.4998830898473966, 0.0, 0.4998830898473965, 0.0, 1.1102230246251565E-16
0.8790121000000194, 0.5000212556102885, 0.0, 0.5000212556102885, 0.0, 0.0
0.8800120000000194, 0.5001584405693705, 0.0, 0.5001584405693706, 0.0, 1.1102230246251565E-16
0.8810119000000195, 0.500294644724643, 0.0, 0.5002946447246429, 0.0, 1.1102230246251565E-16
0.8820118000000196, 0.5004298680761053, 0.0, 0.5004298680761053, 0.0, 0.0
0.8830117000000196, 0.500564110623758, 0.0, 0.5005641106237579, 0.0, 1.1102230246251565E-16
0.8840116000000197, 0.5006973723676009, 0.0, 0.5006973723676009, 0.0, 0.0
0.8850115000000197, 0.500829653307634, 0.0, 0.500829653307634, 0.0, 0.0
0.8860114000000198, 0.5009609534438572, 0.0, 0.5009609534438572, 0.0, 0.0
0.8870113000000198, 0.5010912727762706, 0.0, 0.5010912727762706, 0.0, 0.0
0.8880112000000199, 0.5012206113048742, 0.0, 0.5012206113048742, 0.0, 0.0
0.8890111000000199, 0.5013489690296681, 0.0, 0.5013489690296681, 0.0, 0.0
0.89001100000002, 0.501476345950652, 0.0, 0.5014763459506519, 0.0, 1.1102230246251565E-16
0.89101090000002, 0.5016027420678262, 0.0, 0.5016027420678263, 0.0, 1.1102230246251565E-16
0.8920108000000201, 0.5017281573811906, 0.0, 0.5017281573811906, 0.0, 0.0
0.8930107000000201, 0.501852591890745, 0.0, 0.501852591890745, 0.0, 0.0
0.8940106000000202, 0.5019760455964899, 0.0, 0.5019760455964899, 0.0, 0.0
0.8950105000000202, 0.5020985184984248, 0.0, 0.5020985184984249, 0.0, 1.1102230246251565E-16
0.8960104000000203, 0.5022200105965499, 0.0, 0.5022200105965499, 0.0, 0.0
0.8970103000000204, 0.5023405218908653, 0.0, 0.5023405218908653, 0.0, 0.0
0.8980102000000204, 0.5024600523813708, 0.0, 0.5024600523813708, 0.0, 0.0
0.8990101000000205, 0.5025786020680665, 0.0, 0.5025786020680665, 0.0, 0.0
0.9000100000000205, 0.5026961709509524, 0.0, 0.5026961709509523, 0.0, 1.1102230246251565E-16
0.9010099000000206, 0.5028127590300284, 0.0, 0.5028127590300284, 0.0, 0.0
0.9020098000000206, 0.5029283663052947, 0.0, 0.5029283663052948, 0.0, 1.1102230246251565E-16
0.9030097000000207, 0.5030429927767512, 0.0, 0.5030429927767512, 0.0, 0.0
0.9040096000000207, 0.5031566384443977, 0.0, 0.5031566384443978, 0.0, 1.1102230246251565E-16
0.9050095000000208, 0.5032693033082347, 0.0, 0.5032693033082347, 0.0, 0.0
0.9060094000000208, 0.5033809873682616, 0.0, 0.5033809873682616, 0.0, 0.0
0.9070093000000209, 0.503491690624479, 0.0, 0.5034916906244791, 0.0, 1.1102230246251565E-16
0.9080092000000209, 0.5036014130768863, 0.0, 0.5036014130768863, 0.0, 0.0
0.909009100000021, 0.5037101547254839, 0.0, 0.5037101547254839, 0.0, 0.0
0.910009000000021, 0.5038179155702717, 0.0, 0.5038179155702717, 0.0, 0.0
0.9110089000000211, 0.5039246956112498, 0.0, 0.5039246956112496, 0.0, 1.1102230246251565E-16
0.9120088000000212, 0.5040304948484178, 0.0, 0.5040304948484179, 0.0, 1.1102230246251565E-16
0.9130087000000212, 0.5041353132817763, 0.0, 0.5041353132817763, 0.0, 0.0
0.9140086000000213, 0.5042391509113248, 0.0, 0.5042391509113248, 0.0, 0.0
0.9150085000000213, 0.5043420077370635, 0.0, 0.5043420077370634, 0.0, 1.1102230246251565E-16
0.9160084000000214, 0.5044438837589925, 0.0, 0.5044438837589925, 0.0, 0.0
0.9170083000000214, 0.5045447789771116, 0.0, 0.5045447789771116, 0.0, 0.0
0.9180082000000215, 0.5046446933914208, 0.0, 0.5046446933914208, 0.0, 0.0
0.9190081000000215, 0.5047436270019204, 0.0, 0.5047436270019204, 0.0, 0.0
0.9200080000000216, 0.50484157980861, 0.0, 0.50484157980861, 0.0, 0.0
0.9210079000000216, 0.50493855181149, 0.0, 0.50493855181149, 0.0, 0.0
0.9220078000000217, 0.50503454301056, 0.0, 0.50503454301056, 0.0, 0.0
0.9230077000000217, 0.5051295534058203, 0.0, 0.5051295534058202, 0.0, 1.1102230246251565E-16
0.9240076000000218, 0.5052235829972708, 0.0, 0.5052235829972708, 0.0, 0.0
0.9250075000000219, 0.5053166317849114, 0.0, 0.5053166317849114, 0.0, 0.0
0.9260074000000219, 0.5054086997687421, 0.0, 0.5054086997687421, 0.0, 0.0
0.927007300000022, 0.5054997869487632, 0.0, 0.5054997869487632, 0.0, 0.0
0.928007200000022, 0.5055898933249744, 0.0, 0.5055898933249744, 0.0, 0.0
0.9290071000000221, 0.5056790188973759, 0.0, 0.5056790188973759, 0.0, 0.0
0.9300070000000221, 0.5057671636659674, 0.0, 0.5057671636659674, 0.0, 0.0
0.9310069000000222, 0.5058543276307492, 0.0, 0.5058543276307492, 0.0, 0.0
0.9320068000000222, 0.5059405107917212, 0.0, 0.5059405107917211, 0.0, 1.1102230246251565E-16
0.9330067000000223, 0.5060257131488832, 0.0, 0.5060257131488832, 0.0, 0.0
0.9340066000000223, 0.5061099347022356, 0.0, 0.5061099347022358, 0.0, 1.1102230246251565E-16
0.9350065000000224, 0.5061931754517782, 0.0, 0.5061931754517782, 0.0, 0.0
0.9360064000000224, 0.5062754353975109, 0.0, 0.5062754353975109, 0.0, 0.0
0.9370063000000225, 0.5063567145394339, 0.0, 0.5063567145394339, 0.0, 0.0
0.9380062000000225, 0.5064370128775469, 0.0, 0.5064370128775469, 0.0, 0.0
0.9390061000000226, 0.5065163304118503, 0.0, 0.5065163304118504, 0.0, 1.1102230246251565E-16
0.9400060000000227, 0.5065946671423438, 0.0, 0.5065946671423438, 0.0, 0.0
0.9410059000000227, 0.5066720230690274, 0.0, 0.5066720230690274, 0.0, 0.0
0.9420058000000228, 0.5067483981919012, 0.0, 0.5067483981919011, 0.0, 1.1102230246251565E-16
0.9430057000000228, 0.5068237925109653, 0.0, 0.5068237925109653, 0.0, 0.0
0.9440056000000229, 0.5068982060262195, 0.0, 0.5068982060262195, 0.0, 0.0
0.9450055000000229, 0.506971638737664, 0.0, 0.506971638737664, 0.0, 0.0
0.946005400000023, 0.5070440906452987, 0.0, 0.5070440906452987, 0.0, 0.0
0.947005300000023, 0.5071155617491234, 0.0, 0.5071155617491233, 0.0, 1.1102230246251565E-16
0.9480052000000231, 0.5071860520491385, 0.0, 0.5071860520491385, 0.0, 0.0
0.9490051000000231, 0.5072555615453436, 0.0, 0.5072555615453437, 0.0, 1.1102230246251565E-16
0.9500050000000232, 0.5073240902377391, 0.0, 0.507324090237739, 0.0, 1.1102230246251565E-16
0.9510049000000232, 0.5073916381263246, 0.0, 0.5073916381263246, 0.0, 0.0
0.9520048000000233, 0.5074582052111003, 0.0, 0.5074582052111003, 0.0, 0.0
0.9530047000000234, 0.5075237914920664, 0.0, 0.5075237914920664, 0.0, 0.0
0.9540046000000234, 0.5075883969692224, 0.0, 0.5075883969692224, 0.0, 0.0
0.9550045000000235, 0.5076520216425688, 0.0, 0.5076520216425688, 0.0, 0.0
0.9560044000000235, 0.5077146655121054, 0.0, 0.5077146655121053, 0.0, 1.1102230246251565E-16
0.9570043000000236, 0.5077763285778321, 0.0, 0.5077763285778321, 0.0, 0.0
0.9580042000000236, 0.507837010839749, 0.0, 0.507837010839749, 0.0, 0.0
0.9590041000000237, 0.507896712297856, 0.0, 0.507896712297856, 0.0, 0.0
0.9600040000000237, 0.5079554329521533, 0.0, 0.5079554329521533, 0.0, 0.0
0.9610039000000238, 0.5080131728026409, 0.0, 0.5080131728026409, 0.0, 0.0
0.9620038000000238, 0.5080699318493185, 0.0, 0.5080699318493185, 0.0, 0.0
0.9630037000000239, 0.5081257100921863, 0.0, 0.5081257100921864, 0.0, 1.1102230246251565E-16
0.9640036000000239, 0.5081805075312444, 0.0, 0.5081805075312443, 0.0, 1.1102230246251565E-16
0.965003500000024, 0.5082343241664926, 0.0, 0.5082343241664925, 0.0, 1.1102230246251565E-16
0.966003400000024, 0.5082871599979311, 0.0, 0.5082871599979312, 0.0, 1.1102230246251565E-16
0.9670033000000241, 0.5083390150255597, 0.0, 0.5083390150255597, 0.0, 0.0
0.9680032000000242, 0.5083898892493783, 0.0, 0.5083898892493783, 0.0, 0.0
0.9690031000000242, 0.5084397826693875, 0.0, 0.5084397826693874, 0.0, 1.1102230246251565E-16
0.9700030000000243, 0.5084886952855866, 0.0, 0.5084886952855866, 0.0, 0.0
0.9710029000000243, 0.508536627097976, 0.0, 0.5085366270979761, 0.0, 1.1102230246251565E-16
0.9720028000000244, 0.5085835781065556, 0.0, 0.5085835781065556, 0.0, 0.0
0.9730027000000244, 0.5086295483113252, 0.0, 0.5086295483113253, 0.0, 1.1102230246251565E-16
0.9740026000000245, 0.5086745377122852, 0.0, 0.5086745377122851, 0.0, 1.1102230246251565E-16
0.9750025000000245, 0.5087185463094354, 0.0, 0.5087185463094354, 0.0, 0.0
0.9760024000000246, 0.5087615741027757, 0.0, 0.5087615741027757, 0.0, 0.0
0.9770023000000246, 0.5088036210923063, 0.0, 0.5088036210923063, 0.0, 0.0
0.9780022000000247, 0.5088446872780269, 0.0, 0.5088446872780269, 0.0, 0.0
0.9790021000000247, 0.5088847726599378, 0.0, 0.5088847726599378, 0.0, 0.0
0.9800020000000248, 0.508923877238039, 0.0, 0.5089238772380389, 0.0, 1.1102230246251565E-16
0.9810019000000249, 0.5089620010123301, 0.0, 0.5089620010123302, 0.0, 1.1102230246251565E-16
0.9820018000000249, 0.5089991439828117, 0.0, 0.5089991439828117, 0.0, 0.0
0.983001700000025, 0.5090353061494833, 0.0, 0.5090353061494832, 0.0, 1.1102230246251565E-16
0.984001600000025, 0.5090704875123451, 0.0, 0.5090704875123451, 0.0, 0.0
0.9850015000000251, 0.5091046880713972, 0.0, 0.5091046880713973, 0.0, 1.1102230246251565E-16
0.9860014000000251, 0.5091379078266394, 0.0, 0.5091379078266394, 0.0, 0.0
0.9870013000000252, 0.5091701467780718, 0.0, 0.5091701467780718, 0.0, 0.0
0.9880012000000252, 0.5092014049256944, 0.0, 0.5092014049256944, 0.0, 0.0
0.9890011000000253, 0.5092316822695071, 0.0, 0.5092316822695071, 0.0, 0.0
0.9900010000000253, 0.5092609788095102, 0.0, 0.5092609788095102, 0.0, 0.0
0.9910009000000254, 0.5092892945457034, 0.0, 0.5092892945457034, 0.0, 0.0
0.9920008000000254, 0.5093166294780866, 0.0, 0.5093166294780866, 0.0, 0.0
0.9930007000000255, 0.5093429836066603, 0.0, 0.5093429836066603, 0.0, 0.0
0.9940006000000255, 0.509368356931424, 0.0, 0.509368356931424, 0.0, 0.0
0.9950005000000256, 0.5093927494523779, 0.0, 0.509392749452378, 0.0, 1.1102230246251565E-16
0.9960004000000257, 0.509416161169522, 0.0, 0.509416161169522, 0.0, 0.0
0.9970003000000257, 0.5094385920828564, 0.0, 0.5094385920828564, 0.0, 0.0
0.9980002000000258, 0.5094600421923808, 0.0, 0.509460042192381, 0.0, 1.1102230246251565E-16
0.9990001000000258, 0.5094805114980956, 0.0, 0.5094805114980956, 0.0, 0.0
